time [h]	Qdot1 [W]
0	181.5
1	209.4
2	225.0
3	234.6
4	242.3
5	7261.2
6	6107.2
7	4555.3
8	4306.2
9	3968.2
10	3689.8
11	3410.8
12	2903.9
13	3074.0
14	3224.7
15	3342.9
16	3339.0
17	3267.4
18	3023.3
19	2777.0
20	3363.4
21	2697.4
22	2887.8
23	153.5
24	168.8
25	177.2
26	181.3
27	186.6
28	192.6
29	6713.7
30	5055.4
31	3817.8
32	3626.5
33	3370.2
34	3128.8
35	2895.9
36	2330.9
37	2168.0
38	2344.7
39	2637.5
40	2720.6
41	2720.0
42	2550.3
43	2319.2
44	2923.2
45	3099.9
46	3071.4
47	119.1
48	138.7
49	148.7
50	153.2
51	157.1
52	163.0
53	6032.6
54	4366.4
55	3300.3
56	3123.2
57	2574.7
58	2142.6
59	1824.9
60	1333.0
61	1562.6
62	1845.1
63	2198.8
64	2486.3
65	2603.5
66	2524.0
67	2371.0
68	3018.7
69	2351.9
70	2458.0
71	135.7
72	156.2
73	170.6
74	179.9
75	182.7
76	184.0
77	6454.9
78	4758.7
79	3592.2
80	3376.2
81	2485.9
82	2260.3
83	2105.5
84	2272.5
85	2349.1
86	2471.5
87	2629.6
88	2655.3
89	2606.4
90	2407.4
91	2174.6
92	2789.1
93	2972.8
94	2949.2
95	114.6
96	131.8
97	143.2
98	149.5
99	155.1
100	161.4
101	5852.4
102	4132.7
103	3081.5
104	2985.3
105	2830.4
106	2625.6
107	2512.8
108	2440.0
109	2462.9
110	2548.6
111	2637.2
112	2597.5
113	2466.9
114	2230.3
115	1982.9
116	2605.0
117	1908.8
118	1934.5
119	89.6
120	108.1
121	115.5
122	121.6
123	127.6
124	131.1
125	5088.6
126	3589.4
127	2691.7
128	2536.5
129	1849.8
130	1137.7
131	1166.5
132	1124.3
133	1172.1
134	1393.0
135	1759.2
136	2114.5
137	2115.2
138	2078.7
139	1884.8
140	2577.1
141	1932.4
142	2015.7
143	104.8
144	123.9
145	137.8
146	150.6
147	158.5
148	163.0
149	5841.6
150	4209.6
151	3300.4
152	3033.6
153	1611.0
154	852.5
155	668.9
156	915.5
157	929.0
158	1247.6
159	1751.3
160	2065.3
161	2135.2
162	2051.3
163	1971.0
164	2660.4
165	1997.9
166	2104.7
167	114.9
168	135.5
169	149.4
170	161.7
171	172.8
172	181.0
173	6266.2
174	4614.6
175	3551.5
176	3453.9
177	3242.0
178	2952.6
179	2205.9
180	1048.8
181	994.5
182	1156.6
183	1903.9
184	2462.5
185	2616.8
186	2543.0
187	2462.9
188	3147.6
189	2506.8
190	2659.4
191	151.0
192	166.3
193	177.8
194	185.1
195	190.4
196	195.2
197	6582.2
198	4906.5
199	3689.2
200	3440.9
201	2582.7
202	2362.0
203	2086.3
204	1548.4
205	1735.1
206	2052.6
207	2454.6
208	2678.3
209	2730.7
210	2577.2
211	2405.0
212	3088.1
213	2452.3
214	2614.3
215	146.2
216	164.9
217	176.7
218	187.0
219	196.6
220	204.4
221	6806.5
222	5208.5
223	3948.8
224	3775.6
225	3091.9
226	2259.6
227	2243.2
228	2580.0
229	2702.6
230	2781.8
231	2933.9
232	3015.1
233	2995.5
234	2814.6
235	2600.1
236	3228.7
237	2595.6
238	2743.5
239	150.4
240	168.5
241	180.3
242	188.8
243	197.2
244	201.9
245	6796.0
246	5198.2
247	3919.0
248	3750.9
249	3540.9
250	3267.3
251	3037.7
252	2900.8
253	2831.0
254	2674.8
255	2844.1
256	3119.2
257	3225.9
258	3087.3
259	2934.5
260	3615.1
261	3006.6
262	3182.0
263	184.3
264	206.8
265	221.7
266	234.3
267	240.8
268	254.8
269	7307.8
270	6331.1
271	4751.4
272	4465.7
273	3736.1
274	3229.6
275	2892.4
276	2517.4
277	1496.7
278	1309.8
279	2249.0
280	3048.7
281	3269.6
282	3125.6
283	2945.4
284	3581.4
285	2901.7
286	3041.7
287	174.4
288	193.1
289	206.6
290	218.2
291	227.4
292	234.6
293	7231.0
294	6137.7
295	4845.2
296	4429.2
297	2396.2
298	1532.2
299	1222.6
300	996.9
301	942.1
302	962.2
303	1881.5
304	2799.5
305	3004.5
306	3010.9
307	2880.6
308	3582.2
309	2968.0
310	3123.0
311	192.9
312	212.1
313	226.8
314	243.2
315	256.1
316	308.3
317	7384.9
318	6766.2
319	5370.4
320	4951.3
321	3254.9
322	1978.0
323	1366.5
324	1124.5
325	1056.8
326	1132.2
327	1854.1
328	2789.7
329	3071.1
330	3148.5
331	3164.0
332	3760.5
333	3124.2
334	3305.8
335	202.9
336	224.2
337	236.8
338	245.3
339	252.8
340	283.8
341	7352.5
342	6501.7
343	4935.5
344	4461.7
345	2482.5
346	1571.8
347	1352.3
348	1238.1
349	1068.7
350	1041.5
351	1799.6
352	2764.8
353	3045.8
354	2983.2
355	2872.1
356	3527.7
357	2927.9
358	3100.7
359	186.4
360	196.6
361	201.0
362	205.4
363	211.9
364	217.8
365	6960.9
366	5422.0
367	4119.5
368	3982.5
369	3764.3
370	3536.5
371	3308.7
372	3136.3
373	3065.3
374	3101.8
375	3188.3
376	3203.7
377	3126.0
378	2857.8
379	2570.7
380	3196.6
381	2535.9
382	2595.4
383	130.6
384	145.7
385	155.6
386	165.7
387	174.2
388	177.2
389	6285.0
390	4602.3
391	3477.9
392	3311.0
393	3064.0
394	2736.1
395	2089.4
396	1820.5
397	1839.9
398	2073.1
399	2487.0
400	2605.3
401	2586.5
402	2392.9
403	2173.3
404	2815.1
405	2129.9
406	2188.4
407	113.4
408	134.1
409	146.2
410	153.5
411	159.9
412	168.5
413	6022.1
414	4352.6
415	3263.9
416	3067.9
417	2481.2
418	1996.5
419	1361.2
420	1163.3
421	1906.8
422	2007.1
423	2148.8
424	2509.9
425	2640.9
426	2512.7
427	2366.2
428	3050.6
429	2399.6
430	2523.6
431	141.7
432	159.7
433	172.5
434	182.4
435	188.4
436	193.2
437	6594.7
438	4965.5
439	3800.3
440	3482.3
441	2738.9
442	1776.1
443	916.6
444	864.7
445	708.7
446	627.3
447	1206.7
448	2214.3
449	2540.1
450	2460.6
451	2336.2
452	3027.7
453	2445.7
454	2659.6
455	161.9
456	183.3
457	194.7
458	196.6
459	196.9
460	202.6
461	6715.1
462	5069.3
463	3842.3
464	3572.7
465	2814.3
466	2830.8
467	2653.3
468	2086.8
469	2230.7
470	2144.0
471	2479.8
472	2790.5
473	2757.2
474	2649.0
475	2396.6
476	3026.6
477	2399.4
478	2497.0
479	134.1
480	148.7
481	159.9
482	169.5
483	174.3
484	181.3
485	6379.6
486	4768.9
487	3687.6
488	3294.5
489	2267.3
490	2043.9
491	1777.1
492	1080.1
493	673.6
494	1582.8
495	2181.8
496	2487.4
497	2555.3
498	2485.2
499	2358.1
500	2994.4
501	2382.7
502	2527.9
503	140.8
504	158.3
505	168.5
506	178.0
507	188.0
508	194.2
509	6553.6
510	4847.3
511	3668.5
512	3592.4
513	3406.8
514	3143.5
515	2949.7
516	2832.8
517	2816.4
518	2874.7
519	2789.9
520	2897.9
521	2937.7
522	2807.6
523	2609.5
524	3211.7
525	2536.5
526	2639.6
527	141.6
528	158.1
529	169.4
530	179.7
531	188.1
532	193.8
533	6704.3
534	5156.2
535	4018.4
536	3901.0
537	3544.1
538	2865.6
539	2417.5
540	1271.2
541	951.6
542	987.0
543	1717.0
544	2928.7
545	3309.9
546	3213.5
547	3085.0
548	3761.2
549	3216.3
550	3458.9
551	215.4
552	239.0
553	258.6
554	273.3
555	341.5
556	447.4
557	7400.0
558	7029.1
559	5375.8
560	4679.0
561	2979.7
562	2217.7
563	1863.6
564	2010.6
565	1420.5
566	1703.7
567	2454.1
568	3231.1
569	3529.1
570	3483.8
571	3349.9
572	3953.5
573	3358.2
574	3547.0
575	216.1
576	240.8
577	256.7
578	268.8
579	337.0
580	464.0
581	7400.0
582	7345.8
583	5910.8
584	4906.3
585	2956.4
586	1948.4
587	1601.7
588	1437.1
589	1228.4
590	1073.7
591	1582.1
592	2872.7
593	3281.5
594	3263.7
595	3233.5
596	3879.2
597	3334.5
598	3602.0
599	227.8
600	249.5
601	264.5
602	276.9
603	322.9
604	417.1
605	7400.0
606	7058.3
607	5455.3
608	5085.1
609	4695.7
610	3872.1
611	3418.4
612	3151.1
613	2994.1
614	3071.9
615	3406.2
616	3658.7
617	3616.1
618	3387.7
619	3147.2
620	3703.7
621	3032.4
622	3224.8
623	177.6
624	188.7
625	198.9
626	209.4
627	220.0
628	227.3
629	7163.9
630	5902.3
631	4548.3
632	4263.6
633	3758.9
634	3492.3
635	3251.8
636	3052.4
637	3026.2
638	3148.2
639	3289.3
640	3521.0
641	3515.7
642	3433.6
643	3195.3
644	3806.4
645	3194.1
646	3344.3
647	189.8
648	212.8
649	231.1
650	243.6
651	252.0
652	313.8
653	7356.3
654	6646.3
655	5183.1
656	4437.0
657	2920.7
658	2518.6
659	2601.1
660	2435.1
661	2469.2
662	3002.0
663	3196.8
664	3296.3
665	3245.4
666	3116.9
667	2969.5
668	3506.5
669	2786.3
670	2917.6
671	159.9
672	175.2
673	185.5
674	191.6
675	196.3
676	201.6
677	6755.1
678	5124.7
679	3935.3
680	3764.2
681	3488.9
682	3125.4
683	2444.0
684	2537.9
685	2585.2
686	2554.6
687	2427.1
688	2586.5
689	2563.1
690	2305.1
691	2085.8
692	2740.4
693	2069.9
694	2136.7
695	101.9
696	121.3
697	138.7
698	151.0
699	162.4
700	170.5
701	6059.4
702	4395.5
703	3323.9
704	2719.1
705	1652.3
706	849.3
707	578.8
708	547.5
709	900.3
710	1279.7
711	1679.9
712	2128.2
713	2286.9
714	2154.8
715	1980.6
716	2612.9
717	1869.7
718	1793.5
719	84.9
720	102.5
721	111.8
722	119.9
723	126.2
724	130.4
725	4917.3
726	3513.7
727	2591.3
728	2250.5
729	2077.7
730	1395.5
731	1077.4
732	1351.0
733	1171.7
734	1554.3
735	1838.1
736	2037.1
737	2070.3
738	1892.7
739	1855.4
740	2676.2
741	2091.4
742	2227.3
743	126.4
744	140.2
745	151.3
746	167.0
747	177.2
748	183.9
749	6281.1
750	4610.1
751	3519.6
752	2802.6
753	1594.2
754	1173.4
755	720.2
756	576.6
757	508.1
758	564.7
759	1385.0
760	2081.2
761	2256.0
762	2182.3
763	2052.2
764	2735.4
765	2107.8
766	2265.0
767	133.5
768	149.5
769	159.9
770	167.7
771	176.4
772	182.9
773	6182.8
774	4460.5
775	3331.8
776	3125.7
777	2852.9
778	2472.0
779	1721.3
780	1404.2
781	1427.3
782	1935.4
783	2119.4
784	2435.6
785	2517.5
786	2360.0
787	2167.7
788	2811.9
789	2133.7
790	2203.9
791	118.4
792	138.5
793	150.5
794	157.6
795	162.3
796	170.6
797	6086.6
798	4464.4
799	3423.9
800	2884.2
801	2043.7
802	1669.2
803	1835.3
804	1290.3
805	706.8
806	675.2
807	1121.5
808	2085.7
809	2274.8
810	2256.3
811	2051.4
812	2712.5
813	2057.4
814	2146.1
815	119.3
816	142.8
817	156.5
818	163.8
819	170.4
820	177.4
821	6300.5
822	4694.2
823	3670.2
824	3404.6
825	2937.2
826	2049.7
827	1627.6
828	1778.3
829	1485.4
830	1452.5
831	1491.3
832	2136.8
833	2415.3
834	2446.3
835	2393.7
836	3079.3
837	2456.2
838	2664.2
839	155.1
840	175.9
841	189.8
842	200.9
843	210.1
844	220.4
845	7037.8
846	5662.0
847	4313.7
848	3170.2
849	1635.2
850	989.4
851	812.1
852	686.1
853	563.6
854	485.6
855	707.7
856	1662.2
857	2345.8
858	2429.0
859	2352.5
860	3057.6
861	2461.0
862	2685.3
863	174.1
864	196.0
865	210.4
866	218.1
867	227.1
868	236.7
869	7124.6
870	5860.2
871	4544.5
872	3231.5
873	1447.8
874	1036.8
875	978.9
876	844.3
877	672.9
878	514.3
879	670.2
880	1322.1
881	2018.4
882	2165.9
883	2139.9
884	2855.3
885	2338.1
886	2620.3
887	179.6
888	199.6
889	213.2
890	222.9
891	234.4
892	247.8
893	7147.6
894	5925.2
895	4605.6
896	3238.8
897	1429.5
898	1049.1
899	982.0
900	890.7
901	707.3
902	520.8
903	665.3
904	1219.0
905	1850.3
906	2079.4
907	2110.5
908	2891.1
909	2357.1
910	2652.2
911	187.0
912	207.7
913	218.9
914	224.9
915	236.1
916	243.5
917	7020.0
918	5551.0
919	4209.5
920	3420.9
921	2072.2
922	1300.9
923	1084.9
924	1094.7
925	920.7
926	854.0
927	1366.9
928	2488.6
929	2932.8
930	2856.2
931	2688.9
932	3322.1
933	2718.1
934	2942.9
935	183.3
936	202.8
937	214.2
938	223.8
939	232.9
940	239.6
941	7162.2
942	5908.5
943	4496.8
944	4036.4
945	3760.9
946	3440.1
947	3098.9
948	2369.5
949	2114.6
950	2199.9
951	2552.9
952	2971.9
953	3027.3
954	2817.7
955	2627.3
956	3264.5
957	2593.9
958	2734.7
959	150.3
960	168.5
961	180.3
962	188.2
963	192.6
964	194.7
965	6677.0
966	5090.0
967	3894.9
968	3535.1
969	3045.0
970	2747.8
971	2498.4
972	2296.9
973	2187.5
974	2248.4
975	2396.3
976	2685.4
977	2690.7
978	2610.4
979	2373.2
980	3029.0
981	2269.4
982	2241.0
983	114.3
984	132.6
985	143.4
986	151.3
987	159.5
988	168.1
989	6119.0
990	4471.8
991	3479.0
992	3171.0
993	2757.8
994	2406.1
995	2177.2
996	1993.0
997	2106.6
998	2257.2
999	2301.0
1000	2455.1
1001	2454.1
1002	2356.2
1003	2226.1
1004	2862.3
1005	2166.4
1006	2248.3
1007	118.1
1008	137.4
1009	145.5
1010	150.6
1011	154.8
1012	158.5
1013	5880.9
1014	4189.3
1015	3094.6
1016	2785.3
1017	2480.7
1018	2158.6
1019	1913.9
1020	1723.1
1021	1644.2
1022	1682.5
1023	1613.2
1024	1897.0
1025	2119.5
1026	2160.0
1027	2089.0
1028	2792.1
1029	2166.5
1030	2246.5
1031	114.5
1032	127.7
1033	134.4
1034	140.1
1035	146.9
1036	153.8
1037	5702.9
1038	4106.0
1039	3058.9
1040	2435.4
1041	1893.9
1042	1459.8
1043	1164.9
1044	1032.1
1045	959.0
1046	640.0
1047	841.6
1048	1673.7
1049	2032.2
1050	1994.1
1051	1943.7
1052	2709.6
1053	2077.2
1054	2133.3
1055	115.0
1056	134.4
1057	148.6
1058	158.4
1059	164.1
1060	171.7
1061	6086.2
1062	4482.7
1063	3319.1
1064	2318.7
1065	1934.7
1066	1448.9
1067	587.6
1068	402.3
1069	275.1
1070	247.6
1071	330.4
1072	840.7
1073	1566.8
1074	1750.6
1075	1705.4
1076	2449.7
1077	1881.6
1078	2076.0
1079	134.9
1080	158.7
1081	172.4
1082	184.0
1083	192.8
1084	200.8
1085	6545.6
1086	4917.8
1087	3582.8
1088	1880.8
1089	877.4
1090	524.1
1091	458.4
1092	385.8
1093	224.5
1094	145.9
1095	192.6
1096	319.9
1097	598.5
1098	789.9
1099	723.5
1100	1658.7
1101	1246.6
1102	1514.8
1103	124.5
1104	149.3
1105	165.2
1106	177.9
1107	188.1
1108	196.5
1109	6031.0
1110	4437.9
1111	3166.8
1112	1543.7
1113	690.4
1114	540.2
1115	445.1
1116	305.7
1117	180.8
1118	127.8
1119	178.1
1120	299.6
1121	554.4
1122	722.9
1123	565.6
1124	1268.9
1125	769.7
1126	951.1
1127	94.8
1128	122.4
1129	138.2
1130	151.3
1131	163.0
1132	173.5
1133	4959.2
1134	3554.0
1135	2607.9
1136	1941.4
1137	1275.0
1138	994.7
1139	836.6
1140	1160.5
1141	1350.6
1142	1510.8
1143	1727.2
1144	2068.0
1145	2112.7
1146	2069.1
1147	1893.8
1148	2636.4
1149	2024.4
1150	2160.8
1151	132.5
1152	154.4
1153	168.5
1154	182.6
1155	192.8
1156	202.3
1157	6557.5
1158	4886.2
1159	3739.5
1160	3342.4
1161	2279.9
1162	1589.6
1163	1242.4
1164	1119.0
1165	1732.1
1166	2026.7
1167	2053.9
1168	2250.6
1169	2299.3
1170	2221.9
1171	2089.5
1172	2715.0
1173	2039.7
1174	2135.6
1175	113.7
1176	133.0
1177	143.2
1178	150.3
1179	156.9
1180	162.2
1181	5863.5
1182	4172.0
1183	2966.6
1184	1821.6
1185	1185.1
1186	1810.1
1187	1893.0
1188	1796.2
1189	1838.3
1190	1979.4
1191	2159.9
1192	2284.7
1193	2399.8
1194	2277.2
1195	2137.5
1196	2817.4
1197	2200.7
1198	2338.4
1199	124.6
1200	142.6
1201	153.1
1202	157.2
1203	165.3
1204	174.6
1205	6139.3
1206	4438.0
1207	3221.2
1208	2476.3
1209	1910.5
1210	1491.3
1211	1212.7
1212	1078.3
1213	1036.2
1214	1202.4
1215	1870.0
1216	2251.5
1217	2378.5
1218	2239.1
1219	2023.6
1220	2658.8
1221	1976.6
1222	2058.8
1223	109.4
1224	130.2
1225	144.1
1226	151.4
1227	156.0
1228	163.3
1229	5952.6
1230	4273.2
1231	3095.6
1232	2493.9
1233	2497.9
1234	2262.7
1235	2034.8
1236	1892.9
1237	1864.2
1238	1929.9
1239	2097.0
1240	2272.6
1241	2348.7
1242	2200.9
1243	2002.8
1244	2695.8
1245	2064.5
1246	2184.7
1247	114.6
1248	134.8
1249	147.2
1250	156.6
1251	163.2
1252	168.8
1253	6142.1
1254	4525.4
1255	3166.8
1256	1994.0
1257	1153.8
1258	705.6
1259	551.9
1260	472.8
1261	1255.0
1262	1755.9
1263	1751.2
1264	2156.4
1265	2389.4
1266	2271.0
1267	2183.7
1268	2884.0
1269	2203.9
1270	2339.4
1271	133.0
1272	151.3
1273	163.8
1274	175.6
1275	183.7
1276	186.9
1277	6376.0
1278	4758.6
1279	3420.5
1280	2221.2
1281	1162.5
1282	713.4
1283	565.8
1284	537.0
1285	532.1
1286	469.6
1287	752.3
1288	1606.6
1289	2252.4
1290	2354.7
1291	2292.2
1292	3028.8
1293	2471.9
1294	2687.0
1295	168.1
1296	192.3
1297	208.4
1298	217.9
1299	225.8
1300	235.2
1301	7113.6
1302	5811.6
1303	4287.5
1304	3491.3
1305	2637.8
1306	1611.5
1307	977.1
1308	676.1
1309	575.0
1310	485.6
1311	551.6
1312	1259.5
1313	2211.8
1314	2534.4
1315	2478.1
1316	3240.5
1317	2695.5
1318	2945.5
1319	196.0
1320	214.7
1321	226.2
1322	238.7
1323	246.0
1324	259.3
1325	7264.8
1326	6284.9
1327	4643.0
1328	3747.4
1329	2927.6
1330	2316.3
1331	1500.9
1332	1428.4
1333	1444.1
1334	1063.3
1335	1168.0
1336	1930.0
1337	2518.5
1338	2669.5
1339	2749.9
1340	3544.9
1341	3041.0
1342	3221.4
1343	183.8
1344	181.4
1345	175.2
1346	175.5
1347	179.4
1348	185.1
1349	6489.9
1350	4838.7
1351	3557.9
1352	3093.7
1353	2066.6
1354	972.5
1355	528.4
1356	443.1
1357	727.0
1358	1097.2
1359	1169.4
1360	1901.0
1361	2366.7
1362	2367.7
1363	2196.7
1364	2885.5
1365	2253.6
1366	2347.5
1367	130.9
1368	149.0
1369	166.4
1370	174.5
1371	178.7
1372	183.6
1373	6364.1
1374	4724.9
1375	3205.0
1376	1953.0
1377	959.5
1378	656.0
1379	488.8
1380	554.3
1381	665.6
1382	893.3
1383	1247.1
1384	1499.8
1385	2092.3
1386	2201.0
1387	2126.0
1388	2842.4
1389	2189.4
1390	2332.8
1391	139.0
1392	159.3
1393	171.6
1394	178.9
1395	182.8
1396	185.8
1397	6303.8
1398	4601.0
1399	3357.3
1400	2983.8
1401	2646.3
1402	2326.6
1403	2045.7
1404	1851.1
1405	1802.3
1406	1828.8
1407	1978.7
1408	2161.7
1409	2239.5
1410	2092.8
1411	1883.8
1412	2550.1
1413	1925.1
1414	2015.6
1415	99.0
1416	118.1
1417	128.6
1418	135.7
1419	141.8
1420	147.8
1421	5501.8
1422	3897.5
1423	2815.6
1424	2444.9
1425	2152.8
1426	1886.0
1427	1682.9
1428	1527.8
1429	1485.9
1430	1551.5
1431	1375.1
1432	1660.3
1433	1952.1
1434	1847.0
1435	1675.7
1436	2417.5
1437	1777.4
1438	1863.2
1439	93.7
1440	120.4
1441	135.0
1442	143.5
1443	154.5
1444	164.9
1445	5916.8
1446	4181.1
1447	2528.6
1448	1349.9
1449	886.9
1450	508.2
1451	289.8
1452	206.6
1453	173.5
1454	191.5
1455	293.6
1456	1012.7
1457	1803.1
1458	1906.7
1459	1873.7
1460	2599.6
1461	1985.2
1462	2134.9
1463	130.7
1464	148.9
1465	159.0
1466	165.3
1467	171.7
1468	173.2
1469	5944.8
1470	4311.7
1471	3058.4
1472	2121.4
1473	1292.6
1474	883.5
1475	753.1
1476	344.3
1477	230.7
1478	233.2
1479	395.8
1480	1019.1
1481	1763.6
1482	1929.0
1483	1823.6
1484	2603.1
1485	2036.9
1486	2206.4
1487	136.0
1488	158.6
1489	173.2
1490	184.0
1491	194.0
1492	203.9
1493	6653.1
1494	5071.7
1495	3506.5
1496	2602.4
1497	1686.5
1498	489.1
1499	286.6
1500	377.2
1501	565.8
1502	737.3
1503	587.4
1504	903.8
1505	1806.8
1506	2049.6
1507	2088.0
1508	2859.6
1509	2286.4
1510	2489.5
1511	152.1
1512	171.0
1513	184.4
1514	196.9
1515	207.5
1516	215.7
1517	6893.3
1518	5377.0
1519	3428.5
1520	2724.9
1521	2071.0
1522	1607.6
1523	1295.4
1524	1090.3
1525	976.7
1526	1090.0
1527	1786.6
1528	2294.9
1529	2656.5
1530	2689.9
1531	2580.7
1532	3199.0
1533	2512.1
1534	2626.0
1535	150.6
1536	167.8
1537	175.9
1538	182.4
1539	187.3
1540	192.2
1541	6547.3
1542	4861.1
1543	3515.3
1544	3039.3
1545	2039.6
1546	1380.5
1547	611.8
1548	317.0
1549	270.0
1550	258.8
1551	500.8
1552	1265.4
1553	1967.0
1554	2042.5
1555	1940.3
1556	2713.4
1557	2140.1
1558	2354.2
1559	143.0
1560	165.2
1561	178.6
1562	186.3
1563	189.1
1564	194.7
1565	6569.2
1566	4952.7
1567	3065.6
1568	2306.7
1569	1140.5
1570	388.2
1571	312.2
1572	259.2
1573	168.7
1574	136.4
1575	204.2
1576	417.6
1577	1203.5
1578	1599.0
1579	1628.3
1580	2420.5
1581	1862.7
1582	2066.6
1583	138.0
1584	157.3
1585	170.0
1586	180.5
1587	190.5
1588	199.5
1589	6440.2
1590	4795.0
1591	2462.8
1592	1207.0
1593	603.2
1594	442.2
1595	314.8
1596	273.8
1597	213.0
1598	174.0
1599	254.2
1600	422.7
1601	856.9
1602	1210.7
1603	1240.2
1604	2076.0
1605	1581.5
1606	1835.2
1607	147.0
1608	165.8
1609	183.1
1610	194.8
1611	203.5
1612	212.4
1613	6325.1
1614	4666.1
1615	2352.6
1616	1091.9
1617	607.9
1618	486.5
1619	383.4
1620	294.6
1621	170.5
1622	94.7
1623	139.0
1624	255.7
1625	549.1
1626	830.5
1627	766.3
1628	1585.4
1629	1203.2
1630	1453.7
1631	144.8
1632	165.1
1633	178.5
1634	194.1
1635	205.3
1636	211.6
1637	5958.2
1638	4384.7
1639	2198.6
1640	1163.2
1641	537.5
1642	572.2
1643	541.2
1644	395.9
1645	246.5
1646	182.6
1647	280.4
1648	689.6
1649	1247.6
1650	1456.0
1651	1332.1
1652	2059.4
1653	1491.3
1654	1607.7
1655	97.7
1656	116.6
1657	126.7
1658	133.4
1659	138.1
1660	146.8
1661	5096.7
1662	3642.7
1663	2607.6
1664	2118.4
1665	960.8
1666	165.6
1667	122.1
1668	87.0
1669	27.1
1670	0.0
1671	25.5
1672	171.7
1673	433.8
1674	633.9
1675	609.9
1676	1404.2
1677	1007.3
1678	1185.8
1679	103.7
1680	130.8
1681	147.7
1682	154.2
1683	158.5
1684	164.5
1685	5127.9
1686	3590.6
1687	2124.1
1688	1271.1
1689	433.4
1690	234.2
1691	109.6
1692	70.0
1693	15.6
1694	0.0
1695	0.0
1696	55.4
1697	242.3
1698	426.0
1699	471.8
1700	1077.8
1701	652.1
1702	796.3
1703	76.7
1704	105.6
1705	120.9
1706	132.9
1707	145.1
1708	155.5
1709	4709.5
1710	3342.6
1711	1387.4
1712	398.5
1713	161.1
1714	105.8
1715	72.4
1716	38.7
1717	3.2
1718	0.0
1719	0.0
1720	0.0
1721	57.5
1722	272.0
1723	329.4
1724	922.0
1725	432.7
1726	582.8
1727	62.4
1728	98.0
1729	115.5
1730	127.7
1731	134.5
1732	138.9
1733	3871.1
1734	2847.4
1735	1064.0
1736	355.7
1737	199.5
1738	113.3
1739	74.9
1740	42.5
1741	3.4
1742	0.0
1743	0.0
1744	0.0
1745	32.1
1746	131.1
1747	234.5
1748	839.1
1749	307.9
1750	413.9
1751	53.8
1752	89.8
1753	106.6
1754	116.7
1755	121.0
1756	127.4
1757	2454.7
1758	1973.5
1759	837.4
1760	444.1
1761	189.8
1762	128.7
1763	86.8
1764	40.7
1765	2.4
1766	0.0
1767	0.0
1768	0.0
1769	34.0
1770	175.9
1771	265.3
1772	884.4
1773	359.9
1774	449.7
1775	36.6
1776	78.5
1777	95.0
1778	102.6
1779	113.2
1780	123.7
1781	3092.9
1782	2211.4
1783	606.1
1784	243.1
1785	130.3
1786	80.2
1787	46.4
1788	17.1
1789	0.0
1790	0.0
1791	0.0
1792	26.5
1793	95.8
1794	234.2
1795	269.8
1796	897.0
1797	399.8
1798	482.7
1799	19.0
1800	58.6
1801	75.6
1802	86.4
1803	92.6
1804	98.8
1805	2649.7
1806	2030.7
1807	1192.1
1808	875.7
1809	577.1
1810	437.9
1811	369.6
1812	329.1
1813	308.8
1814	338.7
1815	412.3
1816	427.0
1817	726.2
1818	856.5
1819	817.6
1820	1520.5
1821	977.5
1822	1042.0
1823	30.8
1824	64.9
1825	76.4
1826	88.3
1827	101.2
1828	110.3
1829	4163.4
1830	2942.4
1831	1613.8
1832	1267.7
1833	384.1
1834	534.2
1835	550.9
1836	358.2
1837	55.2
1838	2.6
1839	0.0
1840	96.3
1841	459.8
1842	670.9
1843	760.3
1844	1449.2
1845	872.1
1846	958.0
1847	36.5
1848	71.7
1849	94.3
1850	113.0
1851	123.6
1852	135.0
1853	4810.8
1854	3327.0
1855	1160.6
1856	332.4
1857	131.9
1858	95.3
1859	70.4
1860	46.3
1861	8.1
1862	0.0
1863	0.0
1864	1.9
1865	70.9
1866	240.9
1867	349.4
1868	926.0
1869	399.8
1870	537.0
1871	74.8
1872	106.5
1873	121.7
1874	135.7
1875	148.4
1876	161.6
1877	4193.9
1878	2947.7
1879	1229.4
1880	397.8
1881	186.6
1882	118.8
1883	86.5
1884	53.0
1885	7.1
1886	0.0
1887	0.0
1888	0.0
1889	105.2
1890	309.8
1891	361.5
1892	990.5
1893	531.9
1894	671.3
1895	71.3
1896	105.4
1897	124.9
1898	138.9
1899	150.9
1900	160.0
1901	4481.7
1902	3092.2
1903	1228.1
1904	323.9
1905	147.2
1906	97.9
1907	61.1
1908	32.4
1909	15.7
1910	8.9
1911	44.9
1912	86.6
1913	168.5
1914	281.4
1915	328.2
1916	984.6
1917	503.4
1918	620.9
1919	26.5
1920	66.5
1921	78.8
1922	86.8
1923	92.4
1924	97.8
1925	2892.2
1926	2129.5
1927	1176.5
1928	843.4
1929	590.6
1930	365.5
1931	104.4
1932	63.1
1933	22.6
1934	12.2
1935	25.7
1936	207.7
1937	508.4
1938	688.0
1939	677.1
1940	1322.7
1941	786.0
1942	824.2
1943	20.4
1944	58.2
1945	71.8
1946	80.1
1947	86.4
1948	96.9
1949	3678.7
1950	2522.2
1951	893.4
1952	345.9
1953	115.6
1954	88.3
1955	61.0
1956	36.3
1957	3.7
1958	0.0
1959	0.0
1960	3.5
1961	130.7
1962	318.1
1963	388.8
1964	1030.3
1965	599.6
1966	761.4
1967	73.8
1968	101.9
1969	113.2
1970	121.9
1971	131.8
1972	138.2
1973	4145.3
1974	2725.7
1975	928.1
1976	308.5
1977	145.7
1978	95.3
1979	59.2
1980	29.7
1981	2.4
1982	0.0
1983	0.0
1984	6.8
1985	135.0
1986	320.0
1987	394.0
1988	1037.1
1989	589.4
1990	751.3
1991	78.0
1992	101.3
1993	114.7
1994	125.0
1995	133.3
1996	142.8
1997	3949.1
1998	2763.4
1999	1316.8
2000	470.7
2001	260.9
2002	147.7
2003	116.3
2004	99.1
2005	104.4
2006	73.3
2007	49.3
2008	339.4
2009	610.2
2010	893.3
2011	959.7
2012	1689.9
2013	1197.6
2014	1350.0
2015	104.1
2016	125.9
2017	140.6
2018	151.7
2019	160.2
2020	166.2
2021	5291.6
2022	3463.7
2023	1334.4
2024	519.6
2025	176.5
2026	123.0
2027	101.1
2028	79.0
2029	34.6
2030	0.4
2031	1.0
2032	69.5
2033	375.7
2034	645.8
2035	737.9
2036	1547.3
2037	1119.2
2038	1315.1
2039	118.7
2040	141.7
2041	157.8
2042	168.5
2043	178.0
2044	187.9
2045	5745.2
2046	3757.7
2047	1452.2
2048	649.2
2049	274.5
2050	159.5
2051	121.3
2052	105.3
2053	76.5
2054	45.2
2055	27.9
2056	189.1
2057	549.5
2058	937.2
2059	1070.7
2060	1887.2
2061	1377.7
2062	1634.9
2063	140.3
2064	159.7
2065	173.0
2066	184.8
2067	194.1
2068	199.3
2069	6061.8
2070	4013.9
2071	1603.6
2072	784.2
2073	341.8
2074	303.6
2075	280.2
2076	232.7
2077	247.3
2078	279.0
2079	230.4
2080	387.3
2081	917.3
2082	1474.5
2083	1616.5
2084	2421.3
2085	1853.1
2086	2040.7
2087	134.9
2088	147.7
2089	153.2
2090	156.3
2091	160.2
2092	165.5
2093	5605.2
2094	3736.3
2095	1775.8
2096	1206.0
2097	736.5
2098	399.6
2099	229.4
2100	149.0
2101	80.6
2102	51.9
2103	256.2
2104	671.2
2105	1272.2
2106	1639.9
2107	1658.1
2108	2347.2
2109	1669.5
2110	1806.9
2111	110.8
2112	130.6
2113	136.9
2114	140.4
2115	144.3
2116	149.2
2117	5454.0
2118	3721.1
2119	2004.3
2120	1766.3
2121	1559.3
2122	1295.9
2123	914.5
2124	144.0
2125	64.8
2126	4.5
2127	0.0
2128	78.3
2129	541.6
2130	861.6
2131	1013.5
2132	1673.9
2133	1049.8
2134	1169.8
2135	61.8
2136	89.9
2137	107.6
2138	122.5
2139	131.6
2140	141.0
2141	5022.1
2142	3157.2
2143	1039.6
2144	283.4
2145	113.6
2146	79.0
2147	49.8
2148	19.6
2149	0.0
2150	0.0
2151	0.0
2152	0.0
2153	0.0
2154	4.7
2155	51.8
2156	751.0
2157	243.9
2158	304.7
2159	24.2
2160	72.0
2161	92.2
2162	106.9
2163	119.0
2164	128.6
2165	3124.6
2166	1929.2
2167	515.7
2168	158.3
2169	97.0
2170	58.9
2171	22.6
2172	0.7
2173	0.0
2174	0.0
2175	0.0
2176	0.0
2177	0.0
2178	0.0
2179	4.6
2180	596.5
2181	75.5
2182	156.4
2183	5.8
2184	52.0
2185	76.3
2186	91.5
2187	104.4
2188	116.1
2189	1685.8
2190	1235.7
2191	255.3
2192	128.6
2193	69.9
2194	29.5
2195	2.8
2196	0.0
2197	0.0
2198	0.0
2199	0.0
2200	0.0
2201	0.0
2202	0.0
2203	1.4
2204	585.1
2205	23.9
2206	73.5
2207	2.6
2208	44.2
2209	66.0
2210	82.8
2211	96.3
2212	106.9
2213	1246.2
2214	1073.5
2215	168.5
2216	101.6
2217	44.1
2218	5.6
2219	0.0
2220	0.0
2221	0.0
2222	0.0
2223	15.0
2224	55.8
2225	96.2
2226	181.3
2227	183.9
2228	790.2
2229	311.2
2230	385.5
2231	49.4
2232	83.4
2233	100.0
2234	111.6
2235	120.6
2236	133.2
2237	2812.5
2238	1705.5
2239	442.3
2240	301.4
2241	208.4
2242	132.2
2243	115.8
2244	107.4
2245	92.6
2246	13.2
2247	84.3
2248	345.8
2249	593.1
2250	814.2
2251	834.6
2252	1516.0
2253	1029.9
2254	1176.1
2255	101.0
2256	119.6
2257	136.3
2258	147.4
2259	151.9
2260	157.6
2261	5045.4
2262	3571.0
2263	2472.3
2264	2165.2
2265	1882.4
2266	1559.2
2267	1312.7
2268	1073.3
2269	958.1
2270	963.4
2271	1083.3
2272	1272.0
2273	1383.8
2274	1435.4
2275	1339.6
2276	2030.7
2277	1315.8
2278	1322.1
2279	58.2
2280	89.5
2281	111.2
2282	131.3
2283	147.0
2284	157.5
2285	5431.6
2286	3540.0
2287	1783.9
2288	578.9
2289	153.3
2290	108.2
2291	82.6
2292	60.6
2293	33.8
2294	9.6
2295	38.6
2296	115.2
2297	337.6
2298	816.5
2299	901.3
2300	1693.6
2301	1231.6
2302	1402.9
2303	115.1
2304	134.6
2305	149.8
2306	165.5
2307	177.4
2308	191.8
2309	5944.3
2310	3602.1
2311	1349.9
2312	514.8
2313	256.5
2314	121.5
2315	85.1
2316	62.3
2317	14.2
2318	0.0
2319	0.0
2320	0.7
2321	43.4
2322	187.7
2323	350.5
2324	951.2
2325	528.8
2326	699.9
2327	94.7
2328	113.9
2329	122.4
2330	129.2
2331	136.5
2332	143.3
2333	3610.8
2334	2052.3
2335	553.8
2336	140.9
2337	85.7
2338	51.0
2339	18.8
2340	1.2
2341	0.0
2342	0.0
2343	0.0
2344	0.0
2345	0.0
2346	40.3
2347	121.8
2348	762.2
2349	269.6
2350	374.7
2351	50.1
2352	78.2
2353	93.4
2354	107.1
2355	119.1
2356	129.2
2357	2805.4
2358	1579.8
2359	306.5
2360	126.6
2361	94.0
2362	69.8
2363	46.6
2364	19.7
2365	0.2
2366	0.0
2367	0.4
2368	27.6
2369	90.1
2370	235.2
2371	386.9
2372	1015.6
2373	539.0
2374	696.4
2375	64.1
2376	96.0
2377	112.3
2378	123.8
2379	132.3
2380	140.6
2381	3956.8
2382	2643.8
2383	1518.3
2384	1148.9
2385	867.0
2386	670.2
2387	536.1
2388	480.7
2389	484.8
2390	591.6
2391	707.9
2392	695.7
2393	1127.4
2394	1357.4
2395	1347.5
2396	2099.5
2397	1494.7
2398	1680.6
2399	100.6
2400	125.9
2401	142.7
2402	153.5
2403	161.1
2404	168.5
2405	5800.2
2406	3837.8
2407	1919.6
2408	1090.2
2409	536.5
2410	291.3
2411	154.0
2412	96.1
2413	56.4
2414	19.3
2415	94.5
2416	325.9
2417	741.0
2418	1122.1
2419	1201.0
2420	1980.4
2421	1392.0
2422	1499.8
2423	81.1
2424	102.9
2425	116.9
2426	127.9
2427	141.5
2428	154.6
2429	5367.4
2430	3663.0
2431	2404.4
2432	1992.1
2433	1711.6
2434	1361.9
2435	1060.8
2436	909.3
2437	862.3
2438	907.6
2439	966.5
2440	837.3
2441	1257.8
2442	1572.9
2443	1517.7
2444	2193.2
2445	1497.4
2446	1588.2
2447	82.9
2448	113.6
2449	130.8
2450	147.1
2451	155.0
2452	158.1
2453	5737.1
2454	3872.9
2455	2485.3
2456	1979.9
2457	1615.8
2458	1281.5
2459	1037.6
2460	928.3
2461	897.6
2462	930.0
2463	1095.5
2464	1364.9
2465	1675.5
2466	1742.4
2467	1571.8
2468	2222.8
2469	1497.7
2470	1520.5
2471	65.2
2472	93.6
2473	105.3
2474	112.8
2475	121.9
2476	131.1
2477	5076.3
2478	3138.6
2479	1544.6
2480	1439.3
2481	948.7
2482	234.7
2483	85.6
2484	69.0
2485	55.5
2486	70.7
2487	113.4
2488	104.4
2489	307.3
2490	767.6
2491	980.7
2492	1725.4
2493	1228.3
2494	1374.8
2495	65.2
2496	97.9
2497	117.4
2498	131.3
2499	143.9
2500	158.7
2501	5567.8
2502	3238.6
2503	1321.8
2504	1371.0
2505	486.1
2506	140.2
2507	86.1
2508	66.4
2509	44.4
2510	107.6
2511	232.7
2512	442.5
2513	715.5
2514	932.5
2515	927.3
2516	1563.2
2517	955.9
2518	1022.0
2519	19.3
2520	60.0
2521	73.8
2522	81.4
2523	88.2
2524	93.3
2525	3769.7
2526	2523.4
2527	1423.7
2528	1062.8
2529	807.5
2530	595.3
2531	450.5
2532	368.8
2533	339.2
2534	431.9
2535	559.5
2536	856.1
2537	1129.7
2538	1164.2
2539	1088.2
2540	1813.5
2541	1215.0
2542	1362.7
2543	52.0
2544	76.3
2545	86.4
2546	96.3
2547	104.0
2548	109.7
2549	4359.3
2550	2832.7
2551	1548.0
2552	563.6
2553	487.5
2554	133.4
2555	68.5
2556	58.4
2557	37.4
2558	17.1
2559	50.2
2560	132.5
2561	325.0
2562	666.3
2563	862.5
2564	1560.3
2565	1057.6
2566	1269.1
2567	51.7
2568	87.8
2569	106.1
2570	116.3
2571	122.8
2572	128.9
2573	4780.5
2574	2533.5
2575	692.0
2576	197.4
2577	74.1
2578	52.2
2579	39.9
2580	31.4
2581	44.7
2582	68.9
2583	137.4
2584	250.2
2585	365.8
2586	546.0
2587	622.1
2588	1357.9
2589	896.0
2590	948.7
2591	23.6
2592	63.8
2593	77.1
2594	89.4
2595	101.1
2596	110.8
2597	4047.4
2598	2370.8
2599	838.0
2600	685.2
2601	223.3
2602	75.1
2603	57.0
2604	73.6
2605	113.4
2606	135.5
2607	192.8
2608	277.4
2609	435.7
2610	664.0
2611	713.5
2612	1388.2
2613	918.0
2614	1011.0
2615	14.5
2616	59.8
2617	82.9
2618	97.6
2619	108.3
2620	121.5
2621	4402.9
2622	2064.9
2623	587.3
2624	152.9
2625	54.6
2626	27.4
2627	4.6
2628	0.0
2629	0.0
2630	0.0
2631	0.0
2632	0.0
2633	0.0
2634	0.0
2635	16.8
2636	636.0
2637	110.9
2638	166.7
2639	0.0
2640	0.0
2641	18.0
2642	43.3
2643	56.0
2644	65.4
2645	2139.8
2646	1277.4
2647	276.7
2648	110.3
2649	43.2
2650	15.3
2651	0.1
2652	0.0
2653	0.0
2654	0.0
2655	0.0
2656	0.0
2657	0.0
2658	1.2
2659	38.0
2660	642.5
2661	118.2
2662	154.7
2663	0.0
2664	0.0
2665	0.0
2666	0.0
2667	0.0
2668	10.9
2669	1328.0
2670	1264.0
2671	448.7
2672	157.5
2673	44.2
2674	13.7
2675	1.9
2676	0.0
2677	0.0
2678	0.0
2679	0.0
2680	0.0
2681	0.0
2682	38.9
2683	116.2
2684	734.7
2685	226.5
2686	294.2
2687	0.0
2688	0.0
2689	6.7
2690	28.8
2691	43.3
2692	53.7
2693	1859.4
2694	1468.2
2695	551.8
2696	355.0
2697	238.7
2698	185.8
2699	158.3
2700	128.9
2701	33.3
2702	0.0
2703	0.0
2704	10.3
2705	87.1
2706	315.2
2707	475.2
2708	1143.4
2709	649.6
2710	726.6
2711	14.3
2712	58.0
2713	75.6
2714	89.9
2715	100.0
2716	108.1
2717	3950.1
2718	2569.3
2719	1422.9
2720	878.4
2721	133.1
2722	43.3
2723	12.9
2724	0.1
2725	0.0
2726	0.0
2727	0.0
2728	0.0
2729	0.0
2730	0.0
2731	0.0
2732	580.6
2733	115.8
2734	218.3
2735	0.0
2736	0.0
2737	0.0
2738	10.2
2739	34.6
2740	51.3
2741	1775.4
2742	970.2
2743	146.6
2744	29.1
2745	1.5
2746	0.0
2747	0.0
2748	0.0
2749	0.0
2750	0.0
2751	0.0
2752	0.0
2753	0.0
2754	0.0
2755	0.0
2756	495.8
2757	0.0
2758	0.0
2759	0.0
2760	0.0
2761	0.0
2762	0.0
2763	0.0
2764	0.0
2765	121.8
2766	594.0
2767	0.9
2768	0.0
2769	0.0
2770	0.0
2771	0.0
2772	0.0
2773	0.0
2774	0.0
2775	0.0
2776	0.0
2777	0.0
2778	0.0
2779	0.0
2780	483.3
2781	0.0
2782	0.0
2783	0.0
2784	0.0
2785	0.0
2786	0.0
2787	0.0
2788	0.0
2789	162.0
2790	632.0
2791	37.2
2792	25.6
2793	15.5
2794	4.9
2795	0.0
2796	0.0
2797	0.0
2798	5.1
2799	16.8
2800	38.1
2801	91.4
2802	140.7
2803	169.1
2804	754.6
2805	195.1
2806	218.3
2807	0.0
2808	0.0
2809	0.0
2810	3.8
2811	25.0
2812	39.3
2813	1515.4
2814	1074.2
2815	268.9
2816	147.6
2817	56.8
2818	64.5
2819	32.9
2820	9.2
2821	0.0
2822	1.7
2823	0.0
2824	12.6
2825	86.0
2826	173.3
2827	248.0
2828	915.1
2829	387.8
2830	435.7
2831	0.0
2832	0.0
2833	2.4
2834	21.3
2835	34.9
2836	45.0
2837	1901.4
2838	1156.5
2839	388.9
2840	183.1
2841	69.3
2842	22.4
2843	0.0
2844	0.0
2845	0.0
2846	0.0
2847	0.0
2848	0.0
2849	0.0
2850	0.0
2851	0.0
2852	531.4
2853	0.0
2854	0.0
2855	0.0
2856	0.0
2857	0.0
2858	0.0
2859	0.0
2860	0.0
2861	515.7
2862	752.5
2863	59.5
2864	0.7
2865	0.0
2866	0.0
2867	0.0
2868	0.0
2869	0.0
2870	0.0
2871	0.0
2872	0.0
2873	0.0
2874	0.0
2875	0.0
2876	383.6
2877	0.0
2878	0.0
2879	0.0
2880	0.0
2881	0.0
2882	0.0
2883	0.0
2884	0.0
2885	0.0
2886	468.0
2887	0.0
2888	0.0
2889	0.0
2890	0.0
2891	0.0
2892	0.0
2893	0.0
2894	0.0
2895	0.0
2896	0.0
2897	0.0
2898	0.0
2899	0.0
2900	118.7
2901	0.0
2902	0.0
2903	0.0
2904	0.0
2905	0.0
2906	0.0
2907	0.0
2908	0.0
2909	0.0
2910	377.4
2911	0.0
2912	0.0
2913	0.0
2914	0.0
2915	0.0
2916	0.0
2917	0.0
2918	0.0
2919	0.0
2920	0.0
2921	0.0
2922	0.0
2923	0.0
2924	74.5
2925	0.0
2926	0.0
2927	0.0
2928	0.0
2929	0.0
2930	0.0
2931	0.0
2932	0.0
2933	0.0
2934	299.9
2935	0.0
2936	0.0
2937	0.0
2938	0.0
2939	0.0
2940	0.0
2941	0.0
2942	0.0
2943	0.0
2944	0.0
2945	0.0
2946	0.0
2947	0.0
2948	5.6
2949	0.0
2950	0.0
2951	0.0
2952	0.0
2953	0.0
2954	0.0
2955	0.0
2956	0.0
2957	0.0
2958	237.3
2959	0.0
2960	0.0
2961	0.0
2962	0.0
2963	0.0
2964	0.0
2965	0.0
2966	0.0
2967	0.0
2968	0.0
2969	0.0
2970	0.0
2971	0.0
2972	144.0
2973	0.0
2974	0.0
2975	0.0
2976	0.0
2977	0.0
2978	0.0
2979	0.0
2980	0.0
2981	0.0
2982	430.0
2983	0.0
2984	0.0
2985	0.0
2986	0.0
2987	0.0
2988	0.0
2989	0.0
2990	0.0
2991	0.0
2992	0.0
2993	0.0
2994	0.0
2995	0.0
2996	464.7
2997	0.0
2998	0.9
2999	0.0
3000	0.0
3001	0.0
3002	0.0
3003	0.0
3004	0.0
3005	581.0
3006	815.1
3007	158.9
3008	109.4
3009	75.2
3010	45.3
3011	30.3
3012	30.9
3013	36.5
3014	46.8
3015	71.1
3016	106.6
3017	182.3
3018	312.5
3019	389.0
3020	992.2
3021	430.8
3022	459.1
3023	0.0
3024	0.0
3025	2.4
3026	23.6
3027	39.5
3028	51.7
3029	2348.0
3030	1730.9
3031	798.2
3032	555.0
3033	338.7
3034	180.1
3035	48.3
3036	15.0
3037	0.0
3038	14.2
3039	81.6
3040	75.7
3041	202.1
3042	371.6
3043	450.9
3044	1071.1
3045	470.7
3046	477.7
3047	0.0
3048	0.0
3049	5.1
3050	23.1
3051	34.9
3052	40.0
3053	1715.8
3054	913.7
3055	102.2
3056	2.1
3057	0.0
3058	0.0
3059	0.0
3060	0.0
3061	0.0
3062	0.0
3063	0.0
3064	0.0
3065	0.0
3066	0.0
3067	0.0
3068	398.8
3069	0.0
3070	0.0
3071	0.0
3072	0.0
3073	0.0
3074	0.0
3075	0.0
3076	0.0
3077	164.5
3078	599.3
3079	16.1
3080	0.0
3081	0.0
3082	0.0
3083	0.0
3084	0.0
3085	0.0
3086	0.0
3087	0.0
3088	0.0
3089	0.0
3090	0.0
3091	0.0
3092	460.3
3093	0.0
3094	18.4
3095	0.0
3096	0.0
3097	0.0
3098	0.0
3099	0.0
3100	0.0
3101	563.4
3102	778.4
3103	147.9
3104	97.8
3105	40.9
3106	0.0
3107	0.0
3108	0.0
3109	0.0
3110	0.0
3111	0.0
3112	0.0
3113	0.0
3114	0.0
3115	0.0
3116	437.0
3117	0.0
3118	13.4
3119	0.0
3120	0.0
3121	0.0
3122	0.0
3123	0.0
3124	0.0
3125	679.9
3126	784.1
3127	62.9
3128	0.0
3129	0.0
3130	0.0
3131	0.0
3132	0.0
3133	0.0
3134	0.0
3135	0.0
3136	0.0
3137	0.0
3138	0.0
3139	0.0
3140	373.2
3141	0.0
3142	0.0
3143	0.0
3144	0.0
3145	0.0
3146	0.0
3147	0.0
3148	0.0
3149	123.7
3150	490.2
3151	0.0
3152	0.0
3153	0.0
3154	0.0
3155	0.0
3156	0.0
3157	0.0
3158	0.0
3159	0.0
3160	0.0
3161	0.0
3162	0.0
3163	0.0
3164	303.5
3165	0.0
3166	0.0
3167	0.0
3168	0.0
3169	0.0
3170	0.0
3171	0.0
3172	0.0
3173	40.9
3174	513.9
3175	0.0
3176	0.0
3177	0.0
3178	0.0
3179	0.0
3180	0.0
3181	0.0
3182	0.0
3183	0.0
3184	0.0
3185	0.0
3186	0.0
3187	0.0
3188	453.0
3189	0.0
3190	0.0
3191	0.0
3192	0.0
3193	0.0
3194	0.0
3195	0.0
3196	0.0
3197	761.0
3198	852.7
3199	181.0
3200	53.6
3201	2.9
3202	0.0
3203	0.0
3204	0.0
3205	0.0
3206	0.0
3207	0.0
3208	0.0
3209	0.0
3210	0.0
3211	7.9
3212	642.1
3213	120.3
3214	146.2
3215	0.0
3216	0.0
3217	0.0
3218	0.0
3219	0.1
3220	11.9
3221	998.5
3222	904.9
3223	177.1
3224	45.5
3225	3.6
3226	0.0
3227	0.0
3228	0.0
3229	0.0
3230	0.0
3231	0.0
3232	0.0
3233	0.0
3234	0.0
3235	4.8
3236	645.4
3237	145.7
3238	190.9
3239	0.0
3240	0.0
3241	0.0
3242	0.0
3243	0.0
3244	0.0
3245	0.0
3246	0.0
3247	0.0
3248	0.0
3249	0.0
3250	0.0
3251	0.0
3252	0.0
3253	0.0
3254	0.0
3255	0.0
3256	0.0
3257	0.0
3258	0.0
3259	0.0
3260	0.0
3261	0.0
3262	0.0
3263	0.0
3264	0.0
3265	0.0
3266	0.0
3267	0.0
3268	0.0
3269	0.0
3270	0.0
3271	0.0
3272	0.0
3273	0.0
3274	0.0
3275	0.0
3276	0.0
3277	0.0
3278	0.0
3279	0.0
3280	0.0
3281	0.0
3282	0.0
3283	0.0
3284	0.0
3285	0.0
3286	0.0
3287	0.0
3288	0.0
3289	0.0
3290	0.0
3291	0.0
3292	0.0
3293	0.0
3294	0.0
3295	0.0
3296	0.0
3297	0.0
3298	0.0
3299	0.0
3300	0.0
3301	0.0
3302	0.0
3303	0.0
3304	0.0
3305	0.0
3306	0.0
3307	0.0
3308	0.0
3309	0.0
3310	0.0
3311	0.0
3312	0.0
3313	0.0
3314	0.0
3315	0.0
3316	0.0
3317	0.0
3318	0.0
3319	0.0
3320	0.0
3321	0.0
3322	0.0
3323	0.0
3324	0.0
3325	0.0
3326	0.0
3327	0.0
3328	0.0
3329	0.0
3330	0.0
3331	0.0
3332	0.0
3333	0.0
3334	0.0
3335	0.0
3336	0.0
3337	0.0
3338	0.0
3339	0.0
3340	0.0
3341	0.0
3342	0.0
3343	0.0
3344	0.0
3345	0.0
3346	0.0
3347	0.0
3348	0.0
3349	0.0
3350	0.0
3351	0.0
3352	0.0
3353	0.0
3354	0.0
3355	0.0
3356	0.0
3357	0.0
3358	0.0
3359	0.0
3360	0.0
3361	0.0
3362	0.0
3363	0.0
3364	0.0
3365	0.0
3366	0.0
3367	0.0
3368	0.0
3369	0.0
3370	0.0
3371	0.0
3372	0.0
3373	0.0
3374	0.0
3375	0.0
3376	0.0
3377	0.0
3378	0.0
3379	0.0
3380	0.0
3381	0.0
3382	0.0
3383	0.0
3384	0.0
3385	0.0
3386	0.0
3387	0.0
3388	0.0
3389	0.0
3390	0.0
3391	0.0
3392	0.0
3393	0.0
3394	0.0
3395	0.0
3396	0.0
3397	0.0
3398	0.0
3399	0.0
3400	0.0
3401	0.0
3402	0.0
3403	0.0
3404	0.0
3405	0.0
3406	0.0
3407	0.0
3408	0.0
3409	0.0
3410	0.0
3411	0.0
3412	0.0
3413	0.0
3414	0.0
3415	0.0
3416	0.0
3417	0.0
3418	0.0
3419	0.0
3420	0.0
3421	0.0
3422	0.0
3423	0.0
3424	0.0
3425	0.0
3426	0.0
3427	0.0
3428	0.0
3429	0.0
3430	0.0
3431	0.0
3432	0.0
3433	0.0
3434	0.0
3435	0.0
3436	0.0
3437	0.0
3438	0.0
3439	0.0
3440	0.0
3441	0.0
3442	0.0
3443	0.0
3444	0.0
3445	0.0
3446	0.0
3447	0.0
3448	0.0
3449	0.0
3450	0.0
3451	0.0
3452	0.0
3453	0.0
3454	0.0
3455	0.0
3456	0.0
3457	0.0
3458	0.0
3459	0.0
3460	0.0
3461	0.0
3462	0.0
3463	0.0
3464	0.0
3465	0.0
3466	0.0
3467	0.0
3468	0.0
3469	0.0
3470	0.0
3471	0.0
3472	0.0
3473	0.0
3474	0.0
3475	0.0
3476	0.0
3477	0.0
3478	0.0
3479	0.0
3480	0.0
3481	0.0
3482	0.0
3483	0.0
3484	0.0
3485	0.0
3486	0.0
3487	0.0
3488	0.0
3489	0.0
3490	0.0
3491	0.0
3492	0.0
3493	0.0
3494	0.0
3495	0.0
3496	0.0
3497	0.0
3498	0.0
3499	0.0
3500	0.0
3501	0.0
3502	0.0
3503	0.0
3504	0.0
3505	0.0
3506	0.0
3507	0.0
3508	0.0
3509	0.0
3510	0.0
3511	0.0
3512	0.0
3513	0.0
3514	0.0
3515	0.0
3516	0.0
3517	0.0
3518	0.0
3519	0.0
3520	0.0
3521	0.0
3522	0.0
3523	0.0
3524	0.0
3525	0.0
3526	0.0
3527	0.0
3528	0.0
3529	0.0
3530	0.0
3531	0.0
3532	0.0
3533	0.0
3534	0.0
3535	0.0
3536	0.0
3537	0.0
3538	0.0
3539	0.0
3540	0.0
3541	0.0
3542	0.0
3543	0.0
3544	0.0
3545	0.0
3546	0.0
3547	0.0
3548	0.0
3549	0.0
3550	0.0
3551	0.0
3552	0.0
3553	0.0
3554	0.0
3555	0.0
3556	0.0
3557	0.0
3558	0.0
3559	0.0
3560	0.0
3561	0.0
3562	0.0
3563	0.0
3564	0.0
3565	0.0
3566	0.0
3567	0.0
3568	0.0
3569	0.0
3570	0.0
3571	0.0
3572	0.0
3573	0.0
3574	0.0
3575	0.0
3576	0.0
3577	0.0
3578	0.0
3579	0.0
3580	0.0
3581	0.0
3582	0.0
3583	0.0
3584	0.0
3585	0.0
3586	0.0
3587	0.0
3588	0.0
3589	0.0
3590	0.0
3591	0.0
3592	0.0
3593	0.0
3594	0.0
3595	0.0
3596	0.0
3597	0.0
3598	0.0
3599	0.0
3600	0.0
3601	0.0
3602	0.0
3603	0.0
3604	0.0
3605	0.0
3606	0.0
3607	0.0
3608	0.0
3609	0.0
3610	0.0
3611	0.0
3612	0.0
3613	0.0
3614	0.0
3615	0.0
3616	0.0
3617	0.0
3618	0.0
3619	0.0
3620	0.0
3621	0.0
3622	0.0
3623	0.0
3624	0.0
3625	0.0
3626	0.0
3627	0.0
3628	0.0
3629	0.0
3630	0.0
3631	0.0
3632	0.0
3633	0.0
3634	0.0
3635	0.0
3636	0.0
3637	0.0
3638	0.0
3639	0.0
3640	0.0
3641	0.0
3642	0.0
3643	0.0
3644	0.0
3645	0.0
3646	0.0
3647	0.0
3648	0.0
3649	0.0
3650	0.0
3651	0.0
3652	0.0
3653	0.0
3654	0.0
3655	0.0
3656	0.0
3657	0.0
3658	0.0
3659	0.0
3660	0.0
3661	0.0
3662	0.0
3663	0.0
3664	0.0
3665	0.0
3666	0.0
3667	0.0
3668	0.0
3669	0.0
3670	0.0
3671	0.0
3672	0.0
3673	0.0
3674	0.0
3675	0.0
3676	0.0
3677	0.0
3678	0.0
3679	0.0
3680	0.0
3681	0.0
3682	0.0
3683	0.0
3684	0.0
3685	0.0
3686	0.0
3687	0.0
3688	0.0
3689	0.0
3690	0.0
3691	0.0
3692	0.0
3693	0.0
3694	0.0
3695	0.0
3696	0.0
3697	0.0
3698	0.0
3699	0.0
3700	0.0
3701	0.0
3702	0.0
3703	0.0
3704	0.0
3705	0.0
3706	0.0
3707	0.0
3708	0.0
3709	0.0
3710	0.0
3711	0.0
3712	0.0
3713	0.0
3714	0.0
3715	0.0
3716	0.0
3717	0.0
3718	0.0
3719	0.0
3720	0.0
3721	0.0
3722	0.0
3723	0.0
3724	0.0
3725	0.0
3726	0.0
3727	0.0
3728	0.0
3729	0.0
3730	0.0
3731	0.0
3732	0.0
3733	0.0
3734	0.0
3735	0.0
3736	0.0
3737	0.0
3738	0.0
3739	0.0
3740	0.0
3741	0.0
3742	0.0
3743	0.0
3744	0.0
3745	0.0
3746	0.0
3747	0.0
3748	0.0
3749	0.0
3750	0.0
3751	0.0
3752	0.0
3753	0.0
3754	0.0
3755	0.0
3756	0.0
3757	0.0
3758	0.0
3759	0.0
3760	0.0
3761	0.0
3762	0.0
3763	0.0
3764	0.0
3765	0.0
3766	0.0
3767	0.0
3768	0.0
3769	0.0
3770	0.0
3771	0.0
3772	0.0
3773	0.0
3774	0.0
3775	0.0
3776	0.0
3777	0.0
3778	0.0
3779	0.0
3780	0.0
3781	0.0
3782	0.0
3783	0.0
3784	0.0
3785	0.0
3786	0.0
3787	0.0
3788	0.0
3789	0.0
3790	0.0
3791	0.0
3792	0.0
3793	0.0
3794	0.0
3795	0.0
3796	0.0
3797	0.0
3798	0.0
3799	0.0
3800	0.0
3801	0.0
3802	0.0
3803	0.0
3804	0.0
3805	0.0
3806	0.0
3807	0.0
3808	0.0
3809	0.0
3810	0.0
3811	0.0
3812	0.0
3813	0.0
3814	0.0
3815	0.0
3816	0.0
3817	0.0
3818	0.0
3819	0.0
3820	0.0
3821	0.0
3822	0.0
3823	0.0
3824	0.0
3825	0.0
3826	0.0
3827	0.0
3828	0.0
3829	0.0
3830	0.0
3831	0.0
3832	0.0
3833	0.0
3834	0.0
3835	0.0
3836	0.0
3837	0.0
3838	0.0
3839	0.0
3840	0.0
3841	0.0
3842	0.0
3843	0.0
3844	0.0
3845	0.0
3846	0.0
3847	0.0
3848	0.0
3849	0.0
3850	0.0
3851	0.0
3852	0.0
3853	0.0
3854	0.0
3855	0.0
3856	0.0
3857	0.0
3858	0.0
3859	0.0
3860	0.0
3861	0.0
3862	0.0
3863	0.0
3864	0.0
3865	0.0
3866	0.0
3867	0.0
3868	0.0
3869	0.0
3870	0.0
3871	0.0
3872	0.0
3873	0.0
3874	0.0
3875	0.0
3876	0.0
3877	0.0
3878	0.0
3879	0.0
3880	0.0
3881	0.0
3882	0.0
3883	0.0
3884	0.0
3885	0.0
3886	0.0
3887	0.0
3888	0.0
3889	0.0
3890	0.0
3891	0.0
3892	0.0
3893	0.0
3894	0.0
3895	0.0
3896	0.0
3897	0.0
3898	0.0
3899	0.0
3900	0.0
3901	0.0
3902	0.0
3903	0.0
3904	0.0
3905	0.0
3906	0.0
3907	0.0
3908	0.0
3909	0.0
3910	0.0
3911	0.0
3912	0.0
3913	0.0
3914	0.0
3915	0.0
3916	0.0
3917	0.0
3918	0.0
3919	0.0
3920	0.0
3921	0.0
3922	0.0
3923	0.0
3924	0.0
3925	0.0
3926	0.0
3927	0.0
3928	0.0
3929	0.0
3930	0.0
3931	0.0
3932	0.0
3933	0.0
3934	0.0
3935	0.0
3936	0.0
3937	0.0
3938	0.0
3939	0.0
3940	0.0
3941	0.0
3942	0.0
3943	0.0
3944	0.0
3945	0.0
3946	0.0
3947	0.0
3948	0.0
3949	0.0
3950	0.0
3951	0.0
3952	0.0
3953	0.0
3954	0.0
3955	0.0
3956	0.0
3957	0.0
3958	0.0
3959	0.0
3960	0.0
3961	0.0
3962	0.0
3963	0.0
3964	0.0
3965	0.0
3966	0.0
3967	0.0
3968	0.0
3969	0.0
3970	0.0
3971	0.0
3972	0.0
3973	0.0
3974	0.0
3975	0.0
3976	0.0
3977	0.0
3978	0.0
3979	0.0
3980	0.0
3981	0.0
3982	0.0
3983	0.0
3984	0.0
3985	0.0
3986	0.0
3987	0.0
3988	0.0
3989	0.0
3990	0.0
3991	0.0
3992	0.0
3993	0.0
3994	0.0
3995	0.0
3996	0.0
3997	0.0
3998	0.0
3999	0.0
4000	0.0
4001	0.0
4002	0.0
4003	0.0
4004	0.0
4005	0.0
4006	0.0
4007	0.0
4008	0.0
4009	0.0
4010	0.0
4011	0.0
4012	0.0
4013	0.0
4014	0.0
4015	0.0
4016	0.0
4017	0.0
4018	0.0
4019	0.0
4020	0.0
4021	0.0
4022	0.0
4023	0.0
4024	0.0
4025	0.0
4026	0.0
4027	0.0
4028	0.0
4029	0.0
4030	0.0
4031	0.0
4032	0.0
4033	0.0
4034	0.0
4035	0.0
4036	0.0
4037	0.0
4038	0.0
4039	0.0
4040	0.0
4041	0.0
4042	0.0
4043	0.0
4044	0.0
4045	0.0
4046	0.0
4047	0.0
4048	0.0
4049	0.0
4050	0.0
4051	0.0
4052	0.0
4053	0.0
4054	0.0
4055	0.0
4056	0.0
4057	0.0
4058	0.0
4059	0.0
4060	0.0
4061	0.0
4062	0.0
4063	0.0
4064	0.0
4065	0.0
4066	0.0
4067	0.0
4068	0.0
4069	0.0
4070	0.0
4071	0.0
4072	0.0
4073	0.0
4074	0.0
4075	0.0
4076	0.0
4077	0.0
4078	0.0
4079	0.0
4080	0.0
4081	0.0
4082	0.0
4083	0.0
4084	0.0
4085	0.0
4086	0.0
4087	0.0
4088	0.0
4089	0.0
4090	0.0
4091	0.0
4092	0.0
4093	0.0
4094	0.0
4095	0.0
4096	0.0
4097	0.0
4098	0.0
4099	0.0
4100	0.0
4101	0.0
4102	0.0
4103	0.0
4104	0.0
4105	0.0
4106	0.0
4107	0.0
4108	0.0
4109	0.0
4110	0.0
4111	0.0
4112	0.0
4113	0.0
4114	0.0
4115	0.0
4116	0.0
4117	0.0
4118	0.0
4119	0.0
4120	0.0
4121	0.0
4122	0.0
4123	0.0
4124	0.0
4125	0.0
4126	0.0
4127	0.0
4128	0.0
4129	0.0
4130	0.0
4131	0.0
4132	0.0
4133	0.0
4134	0.0
4135	0.0
4136	0.0
4137	0.0
4138	0.0
4139	0.0
4140	0.0
4141	0.0
4142	0.0
4143	0.0
4144	0.0
4145	0.0
4146	0.0
4147	0.0
4148	0.0
4149	0.0
4150	0.0
4151	0.0
4152	0.0
4153	0.0
4154	0.0
4155	0.0
4156	0.0
4157	0.0
4158	0.0
4159	0.0
4160	0.0
4161	0.0
4162	0.0
4163	0.0
4164	0.0
4165	0.0
4166	0.0
4167	0.0
4168	0.0
4169	0.0
4170	0.0
4171	0.0
4172	0.0
4173	0.0
4174	0.0
4175	0.0
4176	0.0
4177	0.0
4178	0.0
4179	0.0
4180	0.0
4181	0.0
4182	0.0
4183	0.0
4184	0.0
4185	0.0
4186	0.0
4187	0.0
4188	0.0
4189	0.0
4190	0.0
4191	0.0
4192	0.0
4193	0.0
4194	0.0
4195	0.0
4196	0.0
4197	0.0
4198	0.0
4199	0.0
4200	0.0
4201	0.0
4202	0.0
4203	0.0
4204	0.0
4205	0.0
4206	0.0
4207	0.0
4208	0.0
4209	0.0
4210	0.0
4211	0.0
4212	0.0
4213	0.0
4214	0.0
4215	0.0
4216	0.0
4217	0.0
4218	0.0
4219	0.0
4220	0.0
4221	0.0
4222	0.0
4223	0.0
4224	0.0
4225	0.0
4226	0.0
4227	0.0
4228	0.0
4229	0.0
4230	0.0
4231	0.0
4232	0.0
4233	0.0
4234	0.0
4235	0.0
4236	0.0
4237	0.0
4238	0.0
4239	0.0
4240	0.0
4241	0.0
4242	0.0
4243	0.0
4244	0.0
4245	0.0
4246	0.0
4247	0.0
4248	0.0
4249	0.0
4250	0.0
4251	0.0
4252	0.0
4253	0.0
4254	0.0
4255	0.0
4256	0.0
4257	0.0
4258	0.0
4259	0.0
4260	0.0
4261	0.0
4262	0.0
4263	0.0
4264	0.0
4265	0.0
4266	0.0
4267	0.0
4268	0.0
4269	0.0
4270	0.0
4271	0.0
4272	0.0
4273	0.0
4274	0.0
4275	0.0
4276	0.0
4277	0.0
4278	0.0
4279	0.0
4280	0.0
4281	0.0
4282	0.0
4283	0.0
4284	0.0
4285	0.0
4286	0.0
4287	0.0
4288	0.0
4289	0.0
4290	0.0
4291	0.0
4292	0.0
4293	0.0
4294	0.0
4295	0.0
4296	0.0
4297	0.0
4298	0.0
4299	0.0
4300	0.0
4301	0.0
4302	0.0
4303	0.0
4304	0.0
4305	0.0
4306	0.0
4307	0.0
4308	0.0
4309	0.0
4310	0.0
4311	0.0
4312	0.0
4313	0.0
4314	0.0
4315	0.0
4316	0.0
4317	0.0
4318	0.0
4319	0.0
4320	0.0
4321	0.0
4322	0.0
4323	0.0
4324	0.0
4325	0.0
4326	0.0
4327	0.0
4328	0.0
4329	0.0
4330	0.0
4331	0.0
4332	0.0
4333	0.0
4334	0.0
4335	0.0
4336	0.0
4337	0.0
4338	0.0
4339	0.0
4340	0.0
4341	0.0
4342	0.0
4343	0.0
4344	0.0
4345	0.0
4346	0.0
4347	0.0
4348	0.0
4349	0.0
4350	0.0
4351	0.0
4352	0.0
4353	0.0
4354	0.0
4355	0.0
4356	0.0
4357	0.0
4358	0.0
4359	0.0
4360	0.0
4361	0.0
4362	0.0
4363	0.0
4364	0.0
4365	0.0
4366	0.0
4367	0.0
4368	0.0
4369	0.0
4370	0.0
4371	0.0
4372	0.0
4373	0.0
4374	0.0
4375	0.0
4376	0.0
4377	0.0
4378	0.0
4379	0.0
4380	0.0
4381	0.0
4382	0.0
4383	0.0
4384	0.0
4385	0.0
4386	0.0
4387	0.0
4388	0.0
4389	0.0
4390	0.0
4391	0.0
4392	0.0
4393	0.0
4394	0.0
4395	0.0
4396	0.0
4397	0.0
4398	0.0
4399	0.0
4400	0.0
4401	0.0
4402	0.0
4403	0.0
4404	0.0
4405	0.0
4406	0.0
4407	0.0
4408	0.0
4409	0.0
4410	0.0
4411	0.0
4412	0.0
4413	0.0
4414	0.0
4415	0.0
4416	0.0
4417	0.0
4418	0.0
4419	0.0
4420	0.0
4421	0.0
4422	0.0
4423	0.0
4424	0.0
4425	0.0
4426	0.0
4427	0.0
4428	0.0
4429	0.0
4430	0.0
4431	0.0
4432	0.0
4433	0.0
4434	0.0
4435	0.0
4436	0.0
4437	0.0
4438	0.0
4439	0.0
4440	0.0
4441	0.0
4442	0.0
4443	0.0
4444	0.0
4445	0.0
4446	0.0
4447	0.0
4448	0.0
4449	0.0
4450	0.0
4451	0.0
4452	0.0
4453	0.0
4454	0.0
4455	0.0
4456	0.0
4457	0.0
4458	0.0
4459	0.0
4460	0.0
4461	0.0
4462	0.0
4463	0.0
4464	0.0
4465	0.0
4466	0.0
4467	0.0
4468	0.0
4469	0.0
4470	0.0
4471	0.0
4472	0.0
4473	0.0
4474	0.0
4475	0.0
4476	0.0
4477	0.0
4478	0.0
4479	0.0
4480	0.0
4481	0.0
4482	0.0
4483	0.0
4484	0.0
4485	0.0
4486	0.0
4487	0.0
4488	0.0
4489	0.0
4490	0.0
4491	0.0
4492	0.0
4493	0.0
4494	0.0
4495	0.0
4496	0.0
4497	0.0
4498	0.0
4499	0.0
4500	0.0
4501	0.0
4502	0.0
4503	0.0
4504	0.0
4505	0.0
4506	0.0
4507	0.0
4508	0.0
4509	0.0
4510	0.0
4511	0.0
4512	0.0
4513	0.0
4514	0.0
4515	0.0
4516	0.0
4517	0.0
4518	0.0
4519	0.0
4520	0.0
4521	0.0
4522	0.0
4523	0.0
4524	0.0
4525	0.0
4526	0.0
4527	0.0
4528	0.0
4529	0.0
4530	0.0
4531	0.0
4532	0.0
4533	0.0
4534	0.0
4535	0.0
4536	0.0
4537	0.0
4538	0.0
4539	0.0
4540	0.0
4541	0.0
4542	0.0
4543	0.0
4544	0.0
4545	0.0
4546	0.0
4547	0.0
4548	0.0
4549	0.0
4550	0.0
4551	0.0
4552	0.0
4553	0.0
4554	0.0
4555	0.0
4556	0.0
4557	0.0
4558	0.0
4559	0.0
4560	0.0
4561	0.0
4562	0.0
4563	0.0
4564	0.0
4565	0.0
4566	0.0
4567	0.0
4568	0.0
4569	0.0
4570	0.0
4571	0.0
4572	0.0
4573	0.0
4574	0.0
4575	0.0
4576	0.0
4577	0.0
4578	0.0
4579	0.0
4580	0.0
4581	0.0
4582	0.0
4583	0.0
4584	0.0
4585	0.0
4586	0.0
4587	0.0
4588	0.0
4589	0.0
4590	0.0
4591	0.0
4592	0.0
4593	0.0
4594	0.0
4595	0.0
4596	0.0
4597	0.0
4598	0.0
4599	0.0
4600	0.0
4601	0.0
4602	0.0
4603	0.0
4604	0.0
4605	0.0
4606	0.0
4607	0.0
4608	0.0
4609	0.0
4610	0.0
4611	0.0
4612	0.0
4613	0.0
4614	0.0
4615	0.0
4616	0.0
4617	0.0
4618	0.0
4619	0.0
4620	0.0
4621	0.0
4622	0.0
4623	0.0
4624	0.0
4625	0.0
4626	0.0
4627	0.0
4628	0.0
4629	0.0
4630	0.0
4631	0.0
4632	0.0
4633	0.0
4634	0.0
4635	0.0
4636	0.0
4637	0.0
4638	0.0
4639	0.0
4640	0.0
4641	0.0
4642	0.0
4643	0.0
4644	0.0
4645	0.0
4646	0.0
4647	0.0
4648	0.0
4649	0.0
4650	0.0
4651	0.0
4652	0.0
4653	0.0
4654	0.0
4655	0.0
4656	0.0
4657	0.0
4658	0.0
4659	0.0
4660	0.0
4661	0.0
4662	0.0
4663	0.0
4664	0.0
4665	0.0
4666	0.0
4667	0.0
4668	0.0
4669	0.0
4670	0.0
4671	0.0
4672	0.0
4673	0.0
4674	0.0
4675	0.0
4676	0.0
4677	0.0
4678	0.0
4679	0.0
4680	0.0
4681	0.0
4682	0.0
4683	0.0
4684	0.0
4685	0.0
4686	0.0
4687	0.0
4688	0.0
4689	0.0
4690	0.0
4691	0.0
4692	0.0
4693	0.0
4694	0.0
4695	0.0
4696	0.0
4697	0.0
4698	0.0
4699	0.0
4700	0.0
4701	0.0
4702	0.0
4703	0.0
4704	0.0
4705	0.0
4706	0.0
4707	0.0
4708	0.0
4709	0.0
4710	0.0
4711	0.0
4712	0.0
4713	0.0
4714	0.0
4715	0.0
4716	0.0
4717	0.0
4718	0.0
4719	0.0
4720	0.0
4721	0.0
4722	0.0
4723	0.0
4724	0.0
4725	0.0
4726	0.0
4727	0.0
4728	0.0
4729	0.0
4730	0.0
4731	0.0
4732	0.0
4733	0.0
4734	0.0
4735	0.0
4736	0.0
4737	0.0
4738	0.0
4739	0.0
4740	0.0
4741	0.0
4742	0.0
4743	0.0
4744	0.0
4745	0.0
4746	0.0
4747	0.0
4748	0.0
4749	0.0
4750	0.0
4751	0.0
4752	0.0
4753	0.0
4754	0.0
4755	0.0
4756	0.0
4757	0.0
4758	0.0
4759	0.0
4760	0.0
4761	0.0
4762	0.0
4763	0.0
4764	0.0
4765	0.0
4766	0.0
4767	0.0
4768	0.0
4769	0.0
4770	0.0
4771	0.0
4772	0.0
4773	0.0
4774	0.0
4775	0.0
4776	0.0
4777	0.0
4778	0.0
4779	0.0
4780	0.0
4781	0.0
4782	0.0
4783	0.0
4784	0.0
4785	0.0
4786	0.0
4787	0.0
4788	0.0
4789	0.0
4790	0.0
4791	0.0
4792	0.0
4793	0.0
4794	0.0
4795	0.0
4796	0.0
4797	0.0
4798	0.0
4799	0.0
4800	0.0
4801	0.0
4802	0.0
4803	0.0
4804	0.0
4805	0.0
4806	0.0
4807	0.0
4808	0.0
4809	0.0
4810	0.0
4811	0.0
4812	0.0
4813	0.0
4814	0.0
4815	0.0
4816	0.0
4817	0.0
4818	0.0
4819	0.0
4820	0.0
4821	0.0
4822	0.0
4823	0.0
4824	0.0
4825	0.0
4826	0.0
4827	0.0
4828	0.0
4829	0.0
4830	0.0
4831	0.0
4832	0.0
4833	0.0
4834	0.0
4835	0.0
4836	0.0
4837	0.0
4838	0.0
4839	0.0
4840	0.0
4841	0.0
4842	0.0
4843	0.0
4844	0.0
4845	0.0
4846	0.0
4847	0.0
4848	0.0
4849	0.0
4850	0.0
4851	0.0
4852	0.0
4853	0.0
4854	0.0
4855	0.0
4856	0.0
4857	0.0
4858	0.0
4859	0.0
4860	0.0
4861	0.0
4862	0.0
4863	0.0
4864	0.0
4865	0.0
4866	0.0
4867	0.0
4868	0.0
4869	0.0
4870	0.0
4871	0.0
4872	0.0
4873	0.0
4874	0.0
4875	0.0
4876	0.0
4877	0.0
4878	0.0
4879	0.0
4880	0.0
4881	0.0
4882	0.0
4883	0.0
4884	0.0
4885	0.0
4886	0.0
4887	0.0
4888	0.0
4889	0.0
4890	0.0
4891	0.0
4892	0.0
4893	0.0
4894	0.0
4895	0.0
4896	0.0
4897	0.0
4898	0.0
4899	0.0
4900	0.0
4901	0.0
4902	0.0
4903	0.0
4904	0.0
4905	0.0
4906	0.0
4907	0.0
4908	0.0
4909	0.0
4910	0.0
4911	0.0
4912	0.0
4913	0.0
4914	0.0
4915	0.0
4916	0.0
4917	0.0
4918	0.0
4919	0.0
4920	0.0
4921	0.0
4922	0.0
4923	0.0
4924	0.0
4925	0.0
4926	0.0
4927	0.0
4928	0.0
4929	0.0
4930	0.0
4931	0.0
4932	0.0
4933	0.0
4934	0.0
4935	0.0
4936	0.0
4937	0.0
4938	0.0
4939	0.0
4940	0.0
4941	0.0
4942	0.0
4943	0.0
4944	0.0
4945	0.0
4946	0.0
4947	0.0
4948	0.0
4949	0.0
4950	0.0
4951	0.0
4952	0.0
4953	0.0
4954	0.0
4955	0.0
4956	0.0
4957	0.0
4958	0.0
4959	0.0
4960	0.0
4961	0.0
4962	0.0
4963	0.0
4964	0.0
4965	0.0
4966	0.0
4967	0.0
4968	0.0
4969	0.0
4970	0.0
4971	0.0
4972	0.0
4973	0.0
4974	0.0
4975	0.0
4976	0.0
4977	0.0
4978	0.0
4979	0.0
4980	0.0
4981	0.0
4982	0.0
4983	0.0
4984	0.0
4985	0.0
4986	0.0
4987	0.0
4988	0.0
4989	0.0
4990	0.0
4991	0.0
4992	0.0
4993	0.0
4994	0.0
4995	0.0
4996	0.0
4997	0.0
4998	0.0
4999	0.0
5000	0.0
5001	0.0
5002	0.0
5003	0.0
5004	0.0
5005	0.0
5006	0.0
5007	0.0
5008	0.0
5009	0.0
5010	0.0
5011	0.0
5012	0.0
5013	0.0
5014	0.0
5015	0.0
5016	0.0
5017	0.0
5018	0.0
5019	0.0
5020	0.0
5021	0.0
5022	0.0
5023	0.0
5024	0.0
5025	0.0
5026	0.0
5027	0.0
5028	0.0
5029	0.0
5030	0.0
5031	0.0
5032	0.0
5033	0.0
5034	0.0
5035	0.0
5036	0.0
5037	0.0
5038	0.0
5039	0.0
5040	0.0
5041	0.0
5042	0.0
5043	0.0
5044	0.0
5045	0.0
5046	0.0
5047	0.0
5048	0.0
5049	0.0
5050	0.0
5051	0.0
5052	0.0
5053	0.0
5054	0.0
5055	0.0
5056	0.0
5057	0.0
5058	0.0
5059	0.0
5060	0.0
5061	0.0
5062	0.0
5063	0.0
5064	0.0
5065	0.0
5066	0.0
5067	0.0
5068	0.0
5069	0.0
5070	0.0
5071	0.0
5072	0.0
5073	0.0
5074	0.0
5075	0.0
5076	0.0
5077	0.0
5078	0.0
5079	0.0
5080	0.0
5081	0.0
5082	0.0
5083	0.0
5084	0.0
5085	0.0
5086	0.0
5087	0.0
5088	0.0
5089	0.0
5090	0.0
5091	0.0
5092	0.0
5093	0.0
5094	0.0
5095	0.0
5096	0.0
5097	0.0
5098	0.0
5099	0.0
5100	0.0
5101	0.0
5102	0.0
5103	0.0
5104	0.0
5105	0.0
5106	0.0
5107	0.0
5108	0.0
5109	0.0
5110	0.0
5111	0.0
5112	0.0
5113	0.0
5114	0.0
5115	0.0
5116	0.0
5117	0.0
5118	0.0
5119	0.0
5120	0.0
5121	0.0
5122	0.0
5123	0.0
5124	0.0
5125	0.0
5126	0.0
5127	0.0
5128	0.0
5129	0.0
5130	0.0
5131	0.0
5132	0.0
5133	0.0
5134	0.0
5135	0.0
5136	0.0
5137	0.0
5138	0.0
5139	0.0
5140	0.0
5141	0.0
5142	0.0
5143	0.0
5144	0.0
5145	0.0
5146	0.0
5147	0.0
5148	0.0
5149	0.0
5150	0.0
5151	0.0
5152	0.0
5153	0.0
5154	0.0
5155	0.0
5156	0.0
5157	0.0
5158	0.0
5159	0.0
5160	0.0
5161	0.0
5162	0.0
5163	0.0
5164	0.0
5165	0.0
5166	0.0
5167	0.0
5168	0.0
5169	0.0
5170	0.0
5171	0.0
5172	0.0
5173	0.0
5174	0.0
5175	0.0
5176	0.0
5177	0.0
5178	0.0
5179	0.0
5180	0.0
5181	0.0
5182	0.0
5183	0.0
5184	0.0
5185	0.0
5186	0.0
5187	0.0
5188	0.0
5189	0.0
5190	0.0
5191	0.0
5192	0.0
5193	0.0
5194	0.0
5195	0.0
5196	0.0
5197	0.0
5198	0.0
5199	0.0
5200	0.0
5201	0.0
5202	0.0
5203	0.0
5204	0.0
5205	0.0
5206	0.0
5207	0.0
5208	0.0
5209	0.0
5210	0.0
5211	0.0
5212	0.0
5213	0.0
5214	0.0
5215	0.0
5216	0.0
5217	0.0
5218	0.0
5219	0.0
5220	0.0
5221	0.0
5222	0.0
5223	0.0
5224	0.0
5225	0.0
5226	0.0
5227	0.0
5228	0.0
5229	0.0
5230	0.0
5231	0.0
5232	0.0
5233	0.0
5234	0.0
5235	0.0
5236	0.0
5237	0.0
5238	0.0
5239	0.0
5240	0.0
5241	0.0
5242	0.0
5243	0.0
5244	0.0
5245	0.0
5246	0.0
5247	0.0
5248	0.0
5249	0.0
5250	0.0
5251	0.0
5252	0.0
5253	0.0
5254	0.0
5255	0.0
5256	0.0
5257	0.0
5258	0.0
5259	0.0
5260	0.0
5261	0.0
5262	0.0
5263	0.0
5264	0.0
5265	0.0
5266	0.0
5267	0.0
5268	0.0
5269	0.0
5270	0.0
5271	0.0
5272	0.0
5273	0.0
5274	0.0
5275	0.0
5276	0.0
5277	0.0
5278	0.0
5279	0.0
5280	0.0
5281	0.0
5282	0.0
5283	0.0
5284	0.0
5285	0.0
5286	0.0
5287	0.0
5288	0.0
5289	0.0
5290	0.0
5291	0.0
5292	0.0
5293	0.0
5294	0.0
5295	0.0
5296	0.0
5297	0.0
5298	0.0
5299	0.0
5300	0.0
5301	0.0
5302	0.0
5303	0.0
5304	0.0
5305	0.0
5306	0.0
5307	0.0
5308	0.0
5309	0.0
5310	0.0
5311	0.0
5312	0.0
5313	0.0
5314	0.0
5315	0.0
5316	0.0
5317	0.0
5318	0.0
5319	0.0
5320	0.0
5321	0.0
5322	0.0
5323	0.0
5324	0.0
5325	0.0
5326	0.0
5327	0.0
5328	0.0
5329	0.0
5330	0.0
5331	0.0
5332	0.0
5333	0.0
5334	0.0
5335	0.0
5336	0.0
5337	0.0
5338	0.0
5339	0.0
5340	0.0
5341	0.0
5342	0.0
5343	0.0
5344	0.0
5345	0.0
5346	0.0
5347	0.0
5348	0.0
5349	0.0
5350	0.0
5351	0.0
5352	0.0
5353	0.0
5354	0.0
5355	0.0
5356	0.0
5357	0.0
5358	0.0
5359	0.0
5360	0.0
5361	0.0
5362	0.0
5363	0.0
5364	0.0
5365	0.0
5366	0.0
5367	0.0
5368	0.0
5369	0.0
5370	0.0
5371	0.0
5372	0.0
5373	0.0
5374	0.0
5375	0.0
5376	0.0
5377	0.0
5378	0.0
5379	0.0
5380	0.0
5381	0.0
5382	0.0
5383	0.0
5384	0.0
5385	0.0
5386	0.0
5387	0.0
5388	0.0
5389	0.0
5390	0.0
5391	0.0
5392	0.0
5393	0.0
5394	0.0
5395	0.0
5396	0.0
5397	0.0
5398	0.0
5399	0.0
5400	0.0
5401	0.0
5402	0.0
5403	0.0
5404	0.0
5405	0.0
5406	0.0
5407	0.0
5408	0.0
5409	0.0
5410	0.0
5411	0.0
5412	0.0
5413	0.0
5414	0.0
5415	0.0
5416	0.0
5417	0.0
5418	0.0
5419	0.0
5420	0.0
5421	0.0
5422	0.0
5423	0.0
5424	0.0
5425	0.0
5426	0.0
5427	0.0
5428	0.0
5429	0.0
5430	0.0
5431	0.0
5432	0.0
5433	0.0
5434	0.0
5435	0.0
5436	0.0
5437	0.0
5438	0.0
5439	0.0
5440	0.0
5441	0.0
5442	0.0
5443	0.0
5444	0.0
5445	0.0
5446	0.0
5447	0.0
5448	0.0
5449	0.0
5450	0.0
5451	0.0
5452	0.0
5453	0.0
5454	0.0
5455	0.0
5456	0.0
5457	0.0
5458	0.0
5459	0.0
5460	0.0
5461	0.0
5462	0.0
5463	0.0
5464	0.0
5465	0.0
5466	0.0
5467	0.0
5468	0.0
5469	0.0
5470	0.0
5471	0.0
5472	0.0
5473	0.0
5474	0.0
5475	0.0
5476	0.0
5477	0.0
5478	0.0
5479	0.0
5480	0.0
5481	0.0
5482	0.0
5483	0.0
5484	0.0
5485	0.0
5486	0.0
5487	0.0
5488	0.0
5489	0.0
5490	0.0
5491	0.0
5492	0.0
5493	0.0
5494	0.0
5495	0.0
5496	0.0
5497	0.0
5498	0.0
5499	0.0
5500	0.0
5501	0.0
5502	0.0
5503	0.0
5504	0.0
5505	0.0
5506	0.0
5507	0.0
5508	0.0
5509	0.0
5510	0.0
5511	0.0
5512	0.0
5513	0.0
5514	0.0
5515	0.0
5516	0.0
5517	0.0
5518	0.0
5519	0.0
5520	0.0
5521	0.0
5522	0.0
5523	0.0
5524	0.0
5525	0.0
5526	0.0
5527	0.0
5528	0.0
5529	0.0
5530	0.0
5531	0.0
5532	0.0
5533	0.0
5534	0.0
5535	0.0
5536	0.0
5537	0.0
5538	0.0
5539	0.0
5540	0.0
5541	0.0
5542	0.0
5543	0.0
5544	0.0
5545	0.0
5546	0.0
5547	0.0
5548	0.0
5549	0.0
5550	0.0
5551	0.0
5552	0.0
5553	0.0
5554	0.0
5555	0.0
5556	0.0
5557	0.0
5558	0.0
5559	0.0
5560	0.0
5561	0.0
5562	0.0
5563	0.0
5564	0.0
5565	0.0
5566	0.0
5567	0.0
5568	0.0
5569	0.0
5570	0.0
5571	0.0
5572	0.0
5573	0.0
5574	0.0
5575	0.0
5576	0.0
5577	0.0
5578	0.0
5579	0.0
5580	0.0
5581	0.0
5582	0.0
5583	0.0
5584	0.0
5585	0.0
5586	0.0
5587	0.0
5588	0.0
5589	0.0
5590	0.0
5591	0.0
5592	0.0
5593	0.0
5594	0.0
5595	0.0
5596	0.0
5597	0.0
5598	0.0
5599	0.0
5600	0.0
5601	0.0
5602	0.0
5603	0.0
5604	0.0
5605	0.0
5606	0.0
5607	0.0
5608	0.0
5609	0.0
5610	0.0
5611	0.0
5612	0.0
5613	0.0
5614	0.0
5615	0.0
5616	0.0
5617	0.0
5618	0.0
5619	0.0
5620	0.0
5621	0.0
5622	0.0
5623	0.0
5624	0.0
5625	0.0
5626	0.0
5627	0.0
5628	0.0
5629	0.0
5630	0.0
5631	0.0
5632	0.0
5633	0.0
5634	0.0
5635	0.0
5636	0.0
5637	0.0
5638	0.0
5639	0.0
5640	0.0
5641	0.0
5642	0.0
5643	0.0
5644	0.0
5645	0.0
5646	0.0
5647	0.0
5648	0.0
5649	0.0
5650	0.0
5651	0.0
5652	0.0
5653	0.0
5654	0.0
5655	0.0
5656	0.0
5657	0.0
5658	0.0
5659	0.0
5660	0.0
5661	0.0
5662	0.0
5663	0.0
5664	0.0
5665	0.0
5666	0.0
5667	0.0
5668	0.0
5669	0.0
5670	0.0
5671	0.0
5672	0.0
5673	0.0
5674	0.0
5675	0.0
5676	0.0
5677	0.0
5678	0.0
5679	0.0
5680	0.0
5681	0.0
5682	0.0
5683	0.0
5684	0.0
5685	0.0
5686	0.0
5687	0.0
5688	0.0
5689	0.0
5690	0.0
5691	0.0
5692	0.0
5693	0.0
5694	0.0
5695	0.0
5696	0.0
5697	0.0
5698	0.0
5699	0.0
5700	0.0
5701	0.0
5702	0.0
5703	0.0
5704	0.0
5705	0.0
5706	0.0
5707	0.0
5708	0.0
5709	0.0
5710	0.0
5711	0.0
5712	0.0
5713	0.0
5714	0.0
5715	0.0
5716	0.0
5717	0.0
5718	0.0
5719	0.0
5720	0.0
5721	0.0
5722	0.0
5723	0.0
5724	0.0
5725	0.0
5726	0.0
5727	0.0
5728	0.0
5729	0.0
5730	0.0
5731	0.0
5732	0.0
5733	0.0
5734	0.0
5735	0.0
5736	0.0
5737	0.0
5738	0.0
5739	0.0
5740	0.0
5741	0.0
5742	0.0
5743	0.0
5744	0.0
5745	0.0
5746	0.0
5747	0.0
5748	0.0
5749	0.0
5750	0.0
5751	0.0
5752	0.0
5753	0.0
5754	0.0
5755	0.0
5756	0.0
5757	0.0
5758	0.0
5759	0.0
5760	0.0
5761	0.0
5762	0.0
5763	0.0
5764	0.0
5765	0.0
5766	0.0
5767	0.0
5768	0.0
5769	0.0
5770	0.0
5771	0.0
5772	0.0
5773	0.0
5774	0.0
5775	0.0
5776	0.0
5777	0.0
5778	0.0
5779	0.0
5780	0.0
5781	0.0
5782	0.0
5783	0.0
5784	0.0
5785	0.0
5786	0.0
5787	0.0
5788	0.0
5789	0.0
5790	0.0
5791	0.0
5792	0.0
5793	0.0
5794	0.0
5795	0.0
5796	0.0
5797	0.0
5798	0.0
5799	0.0
5800	0.0
5801	0.0
5802	0.0
5803	0.0
5804	0.0
5805	0.0
5806	0.0
5807	0.0
5808	0.0
5809	0.0
5810	0.0
5811	0.0
5812	0.0
5813	0.0
5814	0.0
5815	0.0
5816	0.0
5817	0.0
5818	0.0
5819	0.0
5820	0.0
5821	0.0
5822	0.0
5823	0.0
5824	0.0
5825	0.0
5826	0.0
5827	0.0
5828	0.0
5829	0.0
5830	0.0
5831	0.0
5832	0.0
5833	0.0
5834	0.0
5835	0.0
5836	0.0
5837	0.0
5838	0.0
5839	0.0
5840	0.0
5841	0.0
5842	0.0
5843	0.0
5844	0.0
5845	0.0
5846	0.0
5847	0.0
5848	0.0
5849	0.0
5850	0.0
5851	0.0
5852	0.0
5853	0.0
5854	0.0
5855	0.0
5856	0.0
5857	0.0
5858	0.0
5859	0.0
5860	0.0
5861	558.1
5862	723.9
5863	17.9
5864	0.0
5865	0.0
5866	0.0
5867	0.0
5868	0.0
5869	0.0
5870	0.0
5871	0.0
5872	0.0
5873	0.0
5874	0.0
5875	0.0
5876	273.5
5877	0.0
5878	0.0
5879	0.0
5880	0.0
5881	0.0
5882	0.0
5883	0.0
5884	0.0
5885	0.0
5886	454.5
5887	0.0
5888	0.0
5889	0.0
5890	0.0
5891	0.0
5892	0.0
5893	0.0
5894	0.0
5895	0.0
5896	0.0
5897	0.0
5898	0.0
5899	0.0
5900	204.5
5901	0.0
5902	0.0
5903	0.0
5904	0.0
5905	0.0
5906	0.0
5907	0.0
5908	0.0
5909	0.0
5910	389.7
5911	0.0
5912	0.0
5913	0.0
5914	0.0
5915	0.0
5916	0.0
5917	0.0
5918	0.0
5919	0.0
5920	0.0
5921	0.0
5922	0.0
5923	0.0
5924	238.7
5925	0.0
5926	0.0
5927	0.0
5928	0.0
5929	0.0
5930	0.0
5931	0.0
5932	0.0
5933	0.0
5934	400.9
5935	0.0
5936	0.0
5937	0.0
5938	0.0
5939	0.0
5940	0.0
5941	0.0
5942	0.0
5943	0.0
5944	0.0
5945	0.0
5946	0.0
5947	0.0
5948	216.4
5949	0.0
5950	0.0
5951	0.0
5952	0.0
5953	0.0
5954	0.0
5955	0.0
5956	0.0
5957	0.0
5958	423.5
5959	0.0
5960	0.0
5961	0.0
5962	0.0
5963	0.0
5964	0.0
5965	0.0
5966	0.0
5967	0.0
5968	0.0
5969	0.0
5970	0.0
5971	0.0
5972	187.2
5973	0.0
5974	0.0
5975	0.0
5976	0.0
5977	0.0
5978	0.0
5979	0.0
5980	0.0
5981	0.0
5982	372.7
5983	0.0
5984	0.0
5985	0.0
5986	0.0
5987	0.0
5988	0.0
5989	0.0
5990	0.0
5991	0.0
5992	0.0
5993	0.0
5994	0.0
5995	0.0
5996	194.6
5997	0.0
5998	0.0
5999	0.0
6000	0.0
6001	0.0
6002	0.0
6003	0.0
6004	0.0
6005	0.0
6006	377.6
6007	0.0
6008	0.0
6009	0.0
6010	0.0
6011	0.0
6012	0.0
6013	0.0
6014	0.0
6015	0.0
6016	0.0
6017	0.0
6018	0.0
6019	0.0
6020	38.8
6021	0.0
6022	0.0
6023	0.0
6024	0.0
6025	0.0
6026	0.0
6027	0.0
6028	0.0
6029	0.0
6030	284.8
6031	0.0
6032	0.0
6033	0.0
6034	0.0
6035	0.0
6036	0.0
6037	0.0
6038	0.0
6039	0.0
6040	0.0
6041	0.0
6042	0.0
6043	0.0
6044	0.0
6045	0.0
6046	0.0
6047	0.0
6048	0.0
6049	0.0
6050	0.0
6051	0.0
6052	0.0
6053	0.0
6054	160.2
6055	0.0
6056	0.0
6057	0.0
6058	0.0
6059	0.0
6060	0.0
6061	0.0
6062	0.0
6063	0.0
6064	0.0
6065	0.0
6066	0.0
6067	0.0
6068	283.0
6069	0.0
6070	0.0
6071	0.0
6072	0.0
6073	0.0
6074	0.0
6075	0.0
6076	0.0
6077	0.0
6078	416.7
6079	0.0
6080	0.0
6081	0.0
6082	0.0
6083	0.0
6084	0.0
6085	0.0
6086	0.0
6087	0.0
6088	0.0
6089	0.0
6090	0.0
6091	0.0
6092	399.1
6093	0.0
6094	0.0
6095	0.0
6096	0.0
6097	0.0
6098	0.0
6099	0.0
6100	0.0
6101	78.4
6102	518.0
6103	0.0
6104	0.0
6105	0.0
6106	0.0
6107	0.0
6108	0.0
6109	0.0
6110	0.0
6111	0.0
6112	0.0
6113	0.0
6114	0.0
6115	0.0
6116	308.6
6117	0.0
6118	0.0
6119	0.0
6120	0.0
6121	0.0
6122	0.0
6123	0.0
6124	0.0
6125	0.0
6126	519.5
6127	0.0
6128	0.0
6129	0.0
6130	0.0
6131	0.0
6132	0.0
6133	0.0
6134	0.0
6135	0.0
6136	0.0
6137	0.0
6138	0.0
6139	0.0
6140	301.9
6141	0.0
6142	0.0
6143	0.0
6144	0.0
6145	0.0
6146	0.0
6147	0.0
6148	0.0
6149	0.0
6150	507.1
6151	0.0
6152	0.0
6153	0.0
6154	0.0
6155	0.0
6156	0.0
6157	0.0
6158	0.0
6159	0.0
6160	0.0
6161	0.0
6162	0.0
6163	0.0
6164	459.5
6165	0.0
6166	0.0
6167	0.0
6168	0.0
6169	0.0
6170	0.0
6171	0.0
6172	0.0
6173	34.7
6174	562.9
6175	0.0
6176	0.0
6177	0.0
6178	0.0
6179	0.0
6180	0.0
6181	0.0
6182	0.0
6183	0.0
6184	0.0
6185	0.0
6186	0.0
6187	0.0
6188	393.8
6189	0.0
6190	0.0
6191	0.0
6192	0.0
6193	0.0
6194	0.0
6195	0.0
6196	0.0
6197	114.8
6198	620.7
6199	11.0
6200	0.4
6201	0.0
6202	0.0
6203	0.0
6204	0.0
6205	0.0
6206	0.0
6207	0.0
6208	0.0
6209	0.0
6210	0.0
6211	0.0
6212	508.3
6213	0.0
6214	0.0
6215	0.0
6216	0.0
6217	0.0
6218	0.0
6219	0.0
6220	0.0
6221	375.2
6222	711.7
6223	38.0
6224	1.3
6225	0.0
6226	0.0
6227	0.0
6228	0.0
6229	0.0
6230	0.0
6231	0.0
6232	0.0
6233	0.0
6234	0.0
6235	0.0
6236	522.3
6237	22.6
6238	79.7
6239	0.0
6240	0.0
6241	0.0
6242	0.0
6243	0.0
6244	0.0
6245	605.2
6246	942.0
6247	220.6
6248	45.0
6249	6.4
6250	1.8
6251	0.6
6252	0.0
6253	0.0
6254	8.6
6255	44.6
6256	90.2
6257	151.8
6258	241.8
6259	283.5
6260	874.5
6261	322.0
6262	340.6
6263	0.0
6264	0.0
6265	0.0
6266	0.0
6267	0.0
6268	0.0
6269	1496.4
6270	1300.0
6271	267.4
6272	92.6
6273	20.8
6274	1.0
6275	0.0
6276	0.0
6277	0.0
6278	0.0
6279	0.0
6280	0.0
6281	0.0
6282	0.0
6283	0.0
6284	563.9
6285	87.5
6286	151.4
6287	0.0
6288	0.0
6289	0.0
6290	0.0
6291	0.0
6292	0.0
6293	890.0
6294	1024.3
6295	168.7
6296	50.7
6297	15.1
6298	0.2
6299	0.0
6300	0.0
6301	0.0
6302	0.0
6303	0.0
6304	0.0
6305	1.2
6306	42.0
6307	100.8
6308	727.1
6309	200.7
6310	232.6
6311	0.0
6312	0.0
6313	0.0
6314	0.0
6315	0.0
6316	0.0
6317	1198.8
6318	1277.4
6319	461.0
6320	262.8
6321	153.5
6322	107.6
6323	76.8
6324	65.6
6325	72.5
6326	81.7
6327	50.0
6328	125.8
6329	280.7
6330	369.6
6331	476.9
6332	1146.5
6333	544.6
6334	553.6
6335	0.0
6336	0.0
6337	0.0
6338	13.5
6339	29.4
6340	39.9
6341	2652.1
6342	2107.0
6343	1150.4
6344	735.8
6345	120.8
6346	41.5
6347	10.0
6348	0.0
6349	0.0
6350	0.0
6351	0.0
6352	22.2
6353	167.3
6354	321.3
6355	382.3
6356	1015.2
6357	489.1
6358	539.8
6359	0.0
6360	0.0
6361	17.7
6362	35.2
6363	45.1
6364	52.8
6365	2539.0
6366	2042.0
6367	1152.8
6368	908.1
6369	694.4
6370	504.3
6371	413.3
6372	332.7
6373	88.1
6374	89.6
6375	235.4
6376	513.4
6377	932.3
6378	1047.4
6379	1154.4
6380	1703.8
6381	1029.3
6382	1081.0
6383	46.1
6384	74.1
6385	84.3
6386	90.6
6387	98.6
6388	107.6
6389	4227.8
6390	2556.8
6391	670.4
6392	162.2
6393	92.7
6394	61.6
6395	37.2
6396	8.8
6397	0.0
6398	0.0
6399	0.0
6400	0.0
6401	7.5
6402	127.1
6403	218.8
6404	822.6
6405	283.1
6406	321.5
6407	23.5
6408	63.8
6409	78.4
6410	87.4
6411	94.5
6412	99.2
6413	2440.6
6414	1832.1
6415	945.8
6416	700.9
6417	423.2
6418	109.5
6419	70.2
6420	46.4
6421	22.9
6422	6.5
6423	12.8
6424	97.9
6425	344.4
6426	507.9
6427	583.9
6428	1200.3
6429	693.7
6430	793.2
6431	24.6
6432	65.0
6433	80.4
6434	90.5
6435	95.6
6436	96.4
6437	3621.3
6438	2469.1
6439	1438.6
6440	1116.7
6441	866.5
6442	648.1
6443	398.9
6444	76.0
6445	9.6
6446	0.0
6447	0.0
6448	20.5
6449	154.3
6450	389.8
6451	466.1
6452	1101.0
6453	563.7
6454	633.1
6455	14.2
6456	49.5
6457	61.5
6458	70.2
6459	76.1
6460	79.5
6461	3064.3
6462	2164.2
6463	1171.9
6464	763.8
6465	134.4
6466	60.7
6467	43.4
6468	28.8
6469	10.0
6470	0.0
6471	5.1
6472	77.7
6473	266.8
6474	371.6
6475	429.3
6476	1041.0
6477	499.7
6478	539.9
6479	0.0
6480	2.1
6481	25.2
6482	38.2
6483	47.4
6484	56.4
6485	2636.8
6486	1886.2
6487	565.0
6488	117.6
6489	61.3
6490	41.5
6491	22.7
6492	5.5
6493	0.0
6494	0.0
6495	0.0
6496	0.0
6497	0.0
6498	55.3
6499	188.5
6500	832.8
6501	300.9
6502	361.4
6503	0.0
6504	0.0
6505	5.8
6506	29.1
6507	43.5
6508	53.1
6509	2449.4
6510	1766.0
6511	487.4
6512	371.7
6513	81.2
6514	32.4
6515	3.3
6516	0.0
6517	0.0
6518	0.0
6519	0.0
6520	0.0
6521	0.0
6522	6.8
6523	47.8
6524	670.5
6525	142.0
6526	191.7
6527	0.0
6528	0.0
6529	0.0
6530	0.0
6531	0.0
6532	0.4
6533	865.9
6534	1136.0
6535	373.3
6536	233.4
6537	148.1
6538	91.3
6539	29.4
6540	4.9
6541	0.0
6542	0.0
6543	0.0
6544	0.0
6545	0.0
6546	54.2
6547	182.0
6548	840.4
6549	305.9
6550	344.0
6551	0.0
6552	0.0
6553	0.0
6554	1.1
6555	13.0
6556	21.2
6557	1416.8
6558	1311.1
6559	293.0
6560	257.8
6561	211.0
6562	149.1
6563	119.6
6564	102.4
6565	73.1
6566	2.4
6567	0.0
6568	68.9
6569	248.1
6570	315.2
6571	343.3
6572	928.5
6573	376.5
6574	410.4
6575	0.0
6576	0.0
6577	0.0
6578	0.0
6579	12.7
6580	25.7
6581	1972.1
6582	1633.5
6583	385.3
6584	112.0
6585	43.5
6586	43.0
6587	16.4
6588	0.0
6589	0.0
6590	0.0
6591	0.0
6592	0.0
6593	0.0
6594	0.0
6595	0.0
6596	529.8
6597	0.0
6598	0.0
6599	0.0
6600	0.0
6601	0.0
6602	0.0
6603	0.0
6604	0.0
6605	242.8
6606	714.3
6607	99.3
6608	69.8
6609	55.9
6610	33.9
6611	21.5
6612	3.0
6613	0.0
6614	0.0
6615	0.0
6616	1.3
6617	86.4
6618	204.7
6619	252.6
6620	840.6
6621	286.3
6622	310.0
6623	0.0
6624	0.0
6625	0.0
6626	0.0
6627	0.0
6628	0.0
6629	1629.7
6630	1408.4
6631	195.2
6632	57.9
6633	19.9
6634	0.1
6635	0.0
6636	0.0
6637	0.0
6638	0.0
6639	0.0
6640	0.0
6641	0.0
6642	0.0
6643	0.0
6644	594.3
6645	75.2
6646	132.1
6647	0.0
6648	0.0
6649	0.0
6650	4.7
6651	23.1
6652	34.6
6653	1047.1
6654	1197.3
6655	476.9
6656	357.8
6657	279.8
6658	226.3
6659	196.1
6660	183.4
6661	205.8
6662	289.2
6663	403.2
6664	664.0
6665	854.3
6666	818.1
6667	854.2
6668	1437.0
6669	762.8
6670	793.5
6671	21.2
6672	58.5
6673	72.6
6674	83.1
6675	92.9
6676	99.5
6677	3797.7
6678	2713.8
6679	1756.2
6680	1414.6
6681	1020.2
6682	811.8
6683	688.7
6684	746.3
6685	755.5
6686	899.2
6687	1033.6
6688	1451.8
6689	1641.8
6690	1628.1
6691	1416.0
6692	2059.5
6693	1392.4
6694	1392.1
6695	62.2
6696	85.6
6697	95.5
6698	101.9
6699	107.1
6700	112.4
6701	4573.2
6702	3204.7
6703	2146.2
6704	1712.5
6705	1346.4
6706	1120.3
6707	983.9
6708	946.7
6709	986.4
6710	1127.2
6711	1222.7
6712	1472.3
6713	1594.2
6714	1553.1
6715	1434.5
6716	2114.7
6717	1446.6
6718	1494.1
6719	61.6
6720	86.5
6721	96.4
6722	101.8
6723	106.2
6724	112.3
6725	4638.2
6726	3217.9
6727	2073.9
6728	1118.3
6729	498.2
6730	213.3
6731	92.5
6732	77.3
6733	74.0
6734	130.9
6735	369.3
6736	926.1
6737	1242.9
6738	1184.6
6739	1045.0
6740	1738.0
6741	1061.0
6742	1107.3
6743	24.4
6744	61.0
6745	74.1
6746	84.0
6747	93.7
6748	100.4
6749	4108.0
6750	2885.1
6751	1477.5
6752	726.4
6753	316.5
6754	127.2
6755	71.6
6756	42.7
6757	15.2
6758	21.0
6759	107.3
6760	322.1
6761	705.4
6762	782.8
6763	732.6
6764	1425.2
6765	867.9
6766	932.8
6767	21.2
6768	59.4
6769	68.6
6770	76.6
6771	84.9
6772	91.9
6773	3642.6
6774	2628.0
6775	1696.6
6776	1381.3
6777	1127.6
6778	919.4
6779	781.5
6780	717.7
6781	655.8
6782	351.4
6783	466.8
6784	992.9
6785	1274.6
6786	1193.8
6787	1076.9
6788	1764.9
6789	1087.4
6790	1134.9
6791	24.6
6792	60.1
6793	74.1
6794	83.4
6795	91.7
6796	99.6
6797	4073.3
6798	2842.2
6799	1830.2
6800	1494.5
6801	1214.4
6802	989.5
6803	839.1
6804	774.3
6805	785.6
6806	889.1
6807	1111.6
6808	1348.8
6809	1452.6
6810	1332.0
6811	1115.3
6812	1813.1
6813	1147.7
6814	1174.5
6815	23.5
6816	61.6
6817	76.9
6818	86.4
6819	95.0
6820	101.3
6821	4203.7
6822	2910.1
6823	1195.2
6824	459.0
6825	248.0
6826	105.3
6827	81.9
6828	74.9
6829	32.3
6830	31.3
6831	264.9
6832	636.0
6833	1143.8
6834	1131.7
6835	978.5
6836	1682.1
6837	1030.0
6838	1073.6
6839	41.7
6840	70.9
6841	81.6
6842	91.0
6843	98.3
6844	103.0
6845	3962.7
6846	2815.3
6847	1473.9
6848	746.0
6849	353.1
6850	121.0
6851	86.8
6852	70.3
6853	53.2
6854	83.6
6855	279.4
6856	639.8
6857	932.4
6858	1002.5
6859	922.9
6860	1617.2
6861	1003.7
6862	1051.5
6863	21.9
6864	61.4
6865	76.0
6866	85.5
6867	94.0
6868	101.3
6869	4037.5
6870	2868.1
6871	1533.8
6872	753.0
6873	300.7
6874	128.1
6875	357.4
6876	434.4
6877	130.5
6878	155.0
6879	462.9
6880	710.3
6881	861.8
6882	882.2
6883	839.3
6884	1460.0
6885	815.3
6886	893.1
6887	4.2
6888	41.0
6889	58.6
6890	72.5
6891	85.3
6892	95.1
6893	3957.4
6894	2848.0
6895	1694.8
6896	479.0
6897	113.6
6898	78.0
6899	51.2
6900	27.4
6901	19.0
6902	23.2
6903	55.3
6904	219.4
6905	523.7
6906	696.2
6907	693.2
6908	1430.7
6909	919.9
6910	991.6
6911	33.4
6912	74.4
6913	92.9
6914	101.3
6915	106.3
6916	113.3
6917	4348.4
6918	3050.5
6919	1174.9
6920	359.9
6921	131.5
6922	92.3
6923	64.1
6924	28.5
6925	0.8
6926	0.0
6927	11.5
6928	196.7
6929	329.5
6930	403.8
6931	403.3
6932	1046.3
6933	532.9
6934	581.0
6935	2.9
6936	35.1
6937	49.6
6938	57.0
6939	61.9
6940	66.8
6941	2282.4
6942	1814.9
6943	661.7
6944	234.4
6945	95.1
6946	74.2
6947	60.4
6948	49.0
6949	32.7
6950	25.1
6951	100.4
6952	292.2
6953	426.8
6954	518.8
6955	592.4
6956	1277.6
6957	790.0
6958	892.6
6959	17.3
6960	57.8
6961	70.8
6962	78.5
6963	83.1
6964	88.4
6965	3538.5
6966	2568.3
6967	1018.4
6968	223.7
6969	110.9
6970	80.5
6971	59.0
6972	34.6
6973	5.0
6974	0.0
6975	11.7
6976	229.3
6977	437.7
6978	595.6
6979	565.8
6980	1320.1
6981	905.9
6982	1052.9
6983	78.5
6984	106.1
6985	122.7
6986	134.5
6987	142.3
6988	148.5
6989	4880.2
6990	3350.2
6991	1384.9
6992	564.5
6993	175.0
6994	118.1
6995	81.4
6996	44.2
6997	4.5
6998	0.2
6999	86.2
7000	301.0
7001	524.3
7002	655.0
7003	537.8
7004	1199.4
7005	728.7
7006	856.7
7007	68.8
7008	96.4
7009	112.3
7010	121.9
7011	128.4
7012	135.4
7013	4241.3
7014	3035.5
7015	1300.4
7016	632.3
7017	796.4
7018	335.7
7019	254.3
7020	152.6
7021	85.2
7022	79.1
7023	199.3
7024	497.8
7025	918.3
7026	1238.2
7027	1164.2
7028	1947.2
7029	1386.4
7030	1494.9
7031	97.1
7032	113.7
7033	121.2
7034	127.1
7035	131.2
7036	134.0
7037	4735.4
7038	3350.4
7039	2056.9
7040	1314.6
7041	704.3
7042	356.9
7043	220.8
7044	131.7
7045	149.5
7046	286.6
7047	491.7
7048	957.9
7049	1166.9
7050	1144.6
7051	1084.1
7052	1796.9
7053	1121.4
7054	1181.8
7055	40.4
7056	72.1
7057	83.7
7058	90.8
7059	96.5
7060	100.1
7061	3952.6
7062	2840.6
7063	1605.5
7064	900.0
7065	421.2
7066	209.2
7067	131.2
7068	120.1
7069	474.8
7070	811.1
7071	1038.1
7072	1236.6
7073	1296.2
7074	1163.3
7075	1001.7
7076	1668.9
7077	971.7
7078	1015.9
7079	12.5
7080	53.7
7081	70.5
7082	77.1
7083	81.8
7084	88.8
7085	3670.3
7086	2670.1
7087	1187.2
7088	614.8
7089	266.6
7090	111.0
7091	86.4
7092	75.2
7093	65.8
7094	125.3
7095	371.5
7096	856.1
7097	1045.2
7098	991.9
7099	885.9
7100	1540.8
7101	889.4
7102	916.9
7103	6.1
7104	43.6
7105	56.7
7106	63.5
7107	70.9
7108	77.3
7109	3371.1
7110	2491.7
7111	799.4
7112	168.0
7113	91.7
7114	60.1
7115	43.8
7116	30.9
7117	16.5
7118	35.3
7119	115.1
7120	376.5
7121	611.2
7122	710.4
7123	617.9
7124	1304.9
7125	805.6
7126	887.7
7127	29.5
7128	60.7
7129	69.5
7130	72.7
7131	76.3
7132	82.0
7133	2979.0
7134	2240.8
7135	968.6
7136	459.2
7137	127.7
7138	106.5
7139	97.2
7140	74.2
7141	34.7
7142	27.5
7143	154.3
7144	423.4
7145	748.8
7146	839.7
7147	767.0
7148	1431.4
7149	895.2
7150	1001.6
7151	46.2
7152	82.1
7153	97.4
7154	105.3
7155	111.6
7156	124.5
7157	4535.4
7158	3186.6
7159	1530.0
7160	604.4
7161	167.4
7162	139.0
7163	172.8
7164	184.7
7165	215.7
7166	394.2
7167	1108.9
7168	1526.7
7169	1600.8
7170	1479.7
7171	1336.4
7172	2107.7
7173	1467.0
7174	1520.4
7175	84.0
7176	110.2
7177	123.0
7178	134.5
7179	146.9
7180	154.0
7181	5435.0
7182	3833.9
7183	2393.8
7184	2168.9
7185	1863.9
7186	1651.0
7187	1480.2
7188	1333.3
7189	1288.6
7190	1360.9
7191	1442.8
7192	1643.6
7193	1661.1
7194	1587.2
7195	1340.4
7196	2051.4
7197	1363.2
7198	1353.1
7199	40.2
7200	69.4
7201	78.5
7202	85.3
7203	92.0
7204	96.5
7205	3998.0
7206	2915.2
7207	2030.1
7208	1605.4
7209	1250.2
7210	1021.8
7211	882.2
7212	853.0
7213	868.4
7214	482.5
7215	780.5
7216	1291.2
7217	1395.5
7218	1306.5
7219	1201.1
7220	1885.7
7221	1209.5
7222	1338.6
7223	38.4
7224	65.8
7225	78.0
7226	86.1
7227	91.0
7228	96.5
7229	4071.7
7230	2929.0
7231	1935.1
7232	1641.4
7233	850.0
7234	214.7
7235	114.5
7236	95.1
7237	62.4
7238	91.3
7239	269.1
7240	901.6
7241	1367.0
7242	1303.7
7243	1163.5
7244	1866.5
7245	1280.9
7246	1361.3
7247	78.3
7248	103.8
7249	112.7
7250	121.7
7251	131.7
7252	138.4
7253	4921.8
7254	3429.5
7255	2345.5
7256	2095.7
7257	1969.2
7258	1642.9
7259	956.9
7260	1155.5
7261	868.7
7262	954.3
7263	1341.2
7264	1861.5
7265	1978.9
7266	1872.8
7267	1739.2
7268	2399.0
7269	1673.4
7270	1684.9
7271	85.2
7272	112.3
7273	126.2
7274	138.1
7275	148.5
7276	154.5
7277	5621.4
7278	3974.7
7279	2750.7
7280	1964.3
7281	1407.3
7282	1099.6
7283	829.3
7284	633.6
7285	681.1
7286	996.4
7287	1633.5
7288	1936.8
7289	2019.7
7290	1929.9
7291	1756.4
7292	2404.2
7293	1697.4
7294	1721.7
7295	82.2
7296	100.0
7297	108.9
7298	115.2
7299	120.9
7300	126.6
7301	4936.4
7302	3509.0
7303	2397.7
7304	1671.7
7305	1197.8
7306	878.7
7307	747.6
7308	1171.9
7309	1335.4
7310	1162.7
7311	1486.5
7312	1778.5
7313	1831.0
7314	1688.2
7315	1486.9
7316	2166.2
7317	1508.8
7318	1565.8
7319	65.9
7320	92.4
7321	106.8
7322	117.9
7323	124.7
7324	130.5
7325	4961.2
7326	3427.3
7327	2242.6
7328	1542.5
7329	1066.5
7330	767.9
7331	504.5
7332	215.9
7333	334.2
7334	749.4
7335	1276.2
7336	1654.9
7337	1737.9
7338	1559.4
7339	1354.0
7340	2155.3
7341	1605.2
7342	1739.4
7343	89.9
7344	114.6
7345	125.7
7346	132.3
7347	137.5
7348	142.5
7349	5383.7
7350	3830.1
7351	2667.4
7352	1869.1
7353	1177.2
7354	823.5
7355	613.6
7356	406.3
7357	401.6
7358	494.6
7359	616.3
7360	1295.9
7361	1475.1
7362	1394.4
7363	1158.8
7364	1867.0
7365	1224.3
7366	1271.5
7367	36.1
7368	75.4
7369	90.2
7370	101.9
7371	115.5
7372	127.8
7373	4861.8
7374	3450.8
7375	2408.8
7376	1596.8
7377	1083.8
7378	1251.2
7379	1230.5
7380	1190.1
7381	1251.6
7382	1449.6
7383	1534.4
7384	1678.1
7385	1698.9
7386	1637.3
7387	1533.4
7388	2224.5
7389	1549.6
7390	1606.5
7391	69.9
7392	94.6
7393	107.7
7394	116.9
7395	122.8
7396	128.2
7397	5024.7
7398	3542.1
7399	2379.5
7400	1178.8
7401	379.1
7402	210.2
7403	164.2
7404	122.0
7405	97.1
7406	210.7
7407	420.9
7408	840.5
7409	1288.6
7410	1273.9
7411	1183.3
7412	1938.4
7413	1346.9
7414	1557.0
7415	93.9
7416	112.3
7417	122.5
7418	132.0
7419	141.2
7420	147.9
7421	5224.1
7422	3736.8
7423	2537.7
7424	1778.4
7425	857.1
7426	526.2
7427	586.3
7428	622.2
7429	711.7
7430	993.3
7431	1461.2
7432	1803.5
7433	1982.3
7434	1926.8
7435	1803.1
7436	2502.0
7437	1853.6
7438	1979.7
7439	107.2
7440	125.8
7441	136.0
7442	142.1
7443	149.1
7444	155.0
7445	5622.9
7446	3916.9
7447	2799.7
7448	2450.3
7449	2168.5
7450	1890.3
7451	1650.9
7452	1128.2
7453	1481.3
7454	1795.2
7455	2023.6
7456	2153.2
7457	2172.1
7458	1998.1
7459	1801.9
7460	2483.9
7461	1826.5
7462	1878.3
7463	87.5
7464	107.4
7465	118.1
7466	124.2
7467	128.3
7468	132.1
7469	5178.8
7470	3688.0
7471	2625.4
7472	1886.7
7473	1354.5
7474	987.6
7475	759.0
7476	639.9
7477	702.3
7478	956.7
7479	1261.3
7480	1711.8
7481	1855.0
7482	1708.7
7483	1503.0
7484	2174.7
7485	1502.1
7486	1554.1
7487	63.3
7488	89.0
7489	101.2
7490	111.0
7491	117.6
7492	121.8
7493	4735.9
7494	3359.7
7495	2374.7
7496	1693.0
7497	1230.4
7498	938.7
7499	747.4
7500	669.3
7501	757.6
7502	1049.3
7503	1496.7
7504	1779.8
7505	1797.8
7506	1634.7
7507	1512.4
7508	2270.1
7509	1636.9
7510	1705.6
7511	81.4
7512	104.7
7513	114.7
7514	121.1
7515	126.7
7516	131.3
7517	5018.9
7518	3552.1
7519	2614.6
7520	2177.8
7521	1281.3
7522	850.0
7523	715.7
7524	901.3
7525	360.6
7526	643.6
7527	1144.8
7528	1739.0
7529	1854.7
7530	1846.7
7531	1672.7
7532	2408.6
7533	1783.1
7534	1839.2
7535	93.3
7536	109.3
7537	116.2
7538	120.5
7539	125.1
7540	129.2
7541	5006.7
7542	3569.3
7543	2641.7
7544	1928.9
7545	1344.4
7546	851.3
7547	312.7
7548	359.6
7549	550.3
7550	823.0
7551	1236.4
7552	1463.0
7553	1486.3
7554	1430.3
7555	1340.7
7556	2077.2
7557	1422.6
7558	1453.9
7559	59.4
7560	89.7
7561	100.2
7562	108.3
7563	114.9
7564	119.8
7565	4820.6
7566	3403.7
7567	2371.9
7568	1691.5
7569	1091.4
7570	385.9
7571	198.8
7572	140.9
7573	117.9
7574	183.3
7575	384.6
7576	795.9
7577	1252.2
7578	1326.5
7579	1257.8
7580	2000.8
7581	1399.0
7582	1528.8
7583	97.0
7584	116.7
7585	129.8
7586	141.2
7587	150.0
7588	155.8
7589	5308.3
7590	3726.2
7591	2740.5
7592	1902.4
7593	618.1
7594	520.4
7595	499.2
7596	569.6
7597	487.3
7598	1006.7
7599	1620.7
7600	1899.2
7601	1969.8
7602	1844.0
7603	1686.1
7604	2390.5
7605	1775.8
7606	1872.8
7607	103.6
7608	123.5
7609	134.9
7610	142.2
7611	149.1
7612	156.6
7613	5620.5
7614	3951.0
7615	2897.2
7616	2567.8
7617	1953.7
7618	2023.5
7619	1940.9
7620	1845.3
7621	1872.7
7622	1953.1
7623	2036.7
7624	2119.3
7625	2056.4
7626	1851.0
7627	1636.4
7628	2299.6
7629	1627.0
7630	1706.4
7631	78.6
7632	109.8
7633	121.8
7634	127.3
7635	133.9
7636	138.9
7637	5284.2
7638	3753.1
7639	2757.3
7640	2118.4
7641	1655.5
7642	1327.6
7643	1082.1
7644	1021.4
7645	1479.0
7646	1793.5
7647	1974.9
7648	2010.6
7649	1995.9
7650	1819.1
7651	1598.9
7652	2271.2
7653	1604.0
7654	1659.3
7655	70.2
7656	93.6
7657	104.0
7658	111.0
7659	115.6
7660	118.4
7661	4744.9
7662	3332.2
7663	2347.5
7664	1385.0
7665	754.5
7666	797.3
7667	692.2
7668	524.0
7669	297.5
7670	530.3
7671	1194.6
7672	1591.5
7673	1662.4
7674	1497.3
7675	1316.0
7676	2008.8
7677	1353.3
7678	1426.6
7679	56.9
7680	85.4
7681	99.3
7682	113.3
7683	124.3
7684	131.3
7685	5016.3
7686	3620.2
7687	2727.4
7688	2152.3
7689	1390.2
7690	753.3
7691	530.9
7692	351.8
7693	351.5
7694	453.6
7695	1104.7
7696	1815.3
7697	1990.1
7698	2027.5
7699	1851.7
7700	2515.5
7701	1871.5
7702	2038.5
7703	122.7
7704	146.4
7705	167.5
7706	182.2
7707	191.2
7708	199.5
7709	6601.1
7710	4953.2
7711	3815.4
7712	2850.6
7713	1792.4
7714	1020.0
7715	721.9
7716	553.4
7717	526.5
7718	719.9
7719	1467.4
7720	2175.4
7721	2282.5
7722	2212.2
7723	2124.4
7724	2733.7
7725	2040.8
7726	2156.4
7727	123.0
7728	139.9
7729	150.3
7730	157.7
7731	168.0
7732	176.7
7733	6030.2
7734	4346.6
7735	3295.6
7736	3121.7
7737	2944.8
7738	2677.7
7739	2426.6
7740	1510.8
7741	1120.6
7742	940.9
7743	1924.8
7744	2394.6
7745	2438.6
7746	2260.8
7747	2075.3
7748	2763.6
7749	2098.8
7750	2277.2
7751	132.6
7752	155.6
7753	171.2
7754	180.8
7755	184.6
7756	190.8
7757	6646.9
7758	5059.2
7759	3893.8
7760	2522.7
7761	1110.0
7762	891.4
7763	775.6
7764	620.1
7765	484.6
7766	507.3
7767	1055.8
7768	1861.0
7769	2236.8
7770	2253.2
7771	2182.0
7772	2922.8
7773	2326.6
7774	2543.3
7775	163.0
7776	183.3
7777	200.1
7778	208.1
7779	213.3
7780	221.1
7781	6944.2
7782	5501.0
7783	4249.5
7784	3036.1
7785	1550.5
7786	1116.5
7787	949.7
7788	845.2
7789	669.7
7790	692.8
7791	1464.7
7792	2258.6
7793	2525.0
7794	2491.8
7795	2369.0
7796	3056.1
7797	2487.9
7798	2724.0
7799	172.5
7800	192.9
7801	205.0
7802	214.7
7803	223.4
7804	230.7
7805	7061.2
7806	5682.7
7807	4377.7
7808	3222.1
7809	2151.2
7810	1886.5
7811	1632.1
7812	1515.1
7813	1897.9
7814	2270.8
7815	2666.7
7816	2861.6
7817	2860.8
7818	2674.5
7819	2468.4
7820	3091.9
7821	2413.4
7822	2544.3
7823	144.3
7824	161.5
7825	173.3
7826	183.4
7827	188.5
7828	192.2
7829	6567.0
7830	4899.2
7831	3725.2
7832	3474.6
7833	3195.7
7834	2962.1
7835	2774.7
7836	2664.3
7837	2666.4
7838	2769.1
7839	2892.9
7840	2867.0
7841	2807.5
7842	2618.3
7843	2371.3
7844	2960.7
7845	2230.0
7846	2301.4
7847	117.5
7848	132.6
7849	140.7
7850	147.5
7851	152.7
7852	156.5
7853	5878.4
7854	4228.3
7855	3169.7
7856	2859.4
7857	2456.7
7858	2206.0
7859	2020.9
7860	1919.1
7861	1883.5
7862	1768.1
7863	2023.3
7864	2236.6
7865	2170.1
7866	2079.4
7867	1873.5
7868	2613.1
7869	2013.8
7870	2136.6
7871	108.9
7872	129.8
7873	141.2
7874	148.1
7875	153.6
7876	158.5
7877	5931.8
7878	4327.8
7879	3379.6
7880	2891.5
7881	2221.5
7882	1745.6
7883	1473.7
7884	1259.0
7885	1378.3
7886	1674.5
7887	1958.6
7888	2143.1
7889	2226.4
7890	2219.0
7891	2161.3
7892	2839.8
7893	2179.1
7894	2284.7
7895	125.6
7896	146.1
7897	157.0
7898	165.9
7899	174.6
7900	181.8
7901	6331.6
7902	4606.4
7903	3467.5
7904	3033.5
7905	2458.4
7906	2044.4
7907	1762.8
7908	1615.3
7909	1608.2
7910	1440.9
7911	2016.0
7912	2363.7
7913	2470.0
7914	2383.1
7915	2275.5
7916	2961.4
7917	2323.3
7918	2475.7
7919	138.5
7920	157.1
7921	170.6
7922	182.0
7923	191.4
7924	200.1
7925	6747.2
7926	5099.6
7927	3851.5
7928	3488.0
7929	2897.5
7930	2470.2
7931	2167.8
7932	1947.3
7933	1938.5
7934	2160.8
7935	2580.6
7936	2767.3
7937	2824.1
7938	2699.1
7939	2544.5
7940	3178.6
7941	2567.5
7942	2759.7
7943	154.6
7944	175.4
7945	187.6
7946	197.1
7947	207.4
7948	213.9
7949	6971.8
7950	5508.7
7951	4226.4
7952	4003.2
7953	3675.2
7954	3386.3
7955	3202.5
7956	3049.3
7957	3006.5
7958	3066.1
7959	3202.5
7960	3204.6
7961	3112.7
7962	2905.6
7963	2700.5
7964	3321.5
7965	2639.2
7966	2775.0
7967	151.3
7968	173.7
7969	190.2
7970	201.4
7971	208.7
7972	213.6
7973	7010.0
7974	5548.2
7975	4169.9
7976	3775.0
7977	3237.0
7978	2828.2
7979	2638.3
7980	2932.0
7981	3028.4
7982	3115.2
7983	3250.6
7984	3259.8
7985	3180.4
7986	2950.9
7987	2700.4
7988	3298.5
7989	2592.7
7990	2685.6
7991	141.5
7992	155.4
7993	165.0
7994	174.3
7995	180.5
7996	185.5
7997	6544.1
7998	4811.3
7999	3609.6
8000	3211.3
8001	2655.6
8002	2345.5
8003	2510.1
8004	2525.1
8005	2545.7
8006	2656.6
8007	2791.9
8008	2820.9
8009	2767.9
8010	2531.4
8011	2274.4
8012	2876.6
8013	2182.9
8014	2246.4
8015	111.2
8016	130.2
8017	141.5
8018	149.0
8019	155.5
8020	159.5
8021	5888.1
8022	4261.4
8023	3236.1
8024	2991.5
8025	2597.1
8026	2316.2
8027	2026.0
8028	1453.2
8029	1339.7
8030	1578.1
8031	2015.1
8032	2349.2
8033	2376.5
8034	2321.9
8035	2100.0
8036	2783.9
8037	2112.8
8038	2152.3
8039	108.7
8040	126.7
8041	136.6
8042	144.5
8043	150.7
8044	154.0
8045	5707.1
8046	4119.8
8047	3152.3
8048	2709.7
8049	2160.0
8050	2173.4
8051	2070.9
8052	1911.4
8053	2081.7
8054	2248.2
8055	2217.4
8056	2219.5
8057	2161.9
8058	2030.3
8059	1876.4
8060	2535.3
8061	1832.9
8062	1863.3
8063	86.4
8064	105.9
8065	116.0
8066	122.8
8067	130.6
8068	140.2
8069	5342.9
8070	3814.2
8071	2836.9
8072	2590.8
8073	2511.7
8074	2278.2
8075	1722.5
8076	1456.1
8077	1012.2
8078	1583.2
8079	2240.6
8080	2419.8
8081	2461.5
8082	2328.6
8083	2083.5
8084	2740.1
8085	2136.8
8086	2236.3
8087	117.6
8088	133.3
8089	144.8
8090	153.5
8091	156.1
8092	163.5
8093	5927.0
8094	4195.9
8095	3149.7
8096	2763.4
8097	1769.7
8098	1235.0
8099	1010.9
8100	1233.5
8101	1467.2
8102	1720.1
8103	2137.0
8104	2295.0
8105	2287.3
8106	2097.9
8107	1902.7
8108	2596.7
8109	1949.3
8110	2043.2
8111	110.4
8112	131.5
8113	140.9
8114	147.1
8115	151.3
8116	154.7
8117	5681.9
8118	3999.5
8119	2936.9
8120	2741.0
8121	2526.3
8122	2285.2
8123	2116.5
8124	2025.7
8125	2042.3
8126	2143.6
8127	2249.9
8128	2251.5
8129	2191.3
8130	1995.1
8131	1774.2
8132	2422.6
8133	1760.0
8134	1812.1
8135	80.7
8136	103.0
8137	113.5
8138	124.5
8139	136.6
8140	140.2
8141	5267.5
8142	3723.9
8143	2757.7
8144	2335.2
8145	1206.7
8146	902.5
8147	1095.4
8148	1189.8
8149	1642.2
8150	1947.3
8151	2122.0
8152	2155.9
8153	2112.1
8154	1921.4
8155	1717.5
8156	2388.1
8157	1709.2
8158	1742.5
8159	80.1
8160	99.3
8161	108.0
8162	114.7
8163	119.9
8164	122.8
8165	4731.7
8166	3299.5
8167	2351.0
8168	2092.6
8169	971.2
8170	579.1
8171	465.4
8172	348.5
8173	369.6
8174	845.3
8175	1690.4
8176	1915.3
8177	1939.2
8178	1819.6
8179	1687.2
8180	2361.9
8181	1697.3
8182	1759.4
8183	96.6
8184	120.9
8185	132.2
8186	138.0
8187	141.7
8188	146.2
8189	5399.9
8190	3856.6
8191	2927.2
8192	2656.2
8193	1939.0
8194	1546.1
8195	1360.9
8196	1646.4
8197	1527.2
8198	1641.5
8199	2043.8
8200	2340.2
8201	2327.2
8202	2262.4
8203	2043.5
8204	2710.5
8205	2045.8
8206	2175.7
8207	125.9
8208	155.8
8209	177.3
8210	192.4
8211	202.0
8212	208.5
8213	6826.6
8214	5280.0
8215	4063.2
8216	3805.4
8217	3105.3
8218	2580.2
8219	2248.4
8220	2078.8
8221	2263.3
8222	2501.9
8223	2755.6
8224	2850.2
8225	2790.8
8226	2684.8
8227	2570.2
8228	3166.6
8229	2435.8
8230	2524.0
8231	137.6
8232	155.6
8233	166.5
8234	176.2
8235	184.7
8236	191.9
8237	6626.3
8238	4947.6
8239	3753.1
8240	3512.9
8241	2914.5
8242	2417.6
8243	1807.2
8244	1635.2
8245	1946.5
8246	2286.1
8247	2686.0
8248	2819.6
8249	2841.6
8250	2702.6
8251	2522.0
8252	3177.1
8253	2513.3
8254	2686.8
8255	150.1
8256	168.4
8257	181.9
8258	193.2
8259	199.1
8260	202.8
8261	6840.6
8262	5241.8
8263	3971.0
8264	3770.7
8265	3554.7
8266	3297.7
8267	3061.9
8268	2920.7
8269	2885.1
8270	2988.6
8271	3077.5
8272	3037.2
8273	2953.4
8274	2727.8
8275	2478.0
8276	3075.3
8277	2404.2
8278	2522.4
8279	132.4
8280	151.6
8281	164.0
8282	171.5
8283	179.7
8284	186.6
8285	6575.7
8286	4926.3
8287	3747.4
8288	3578.2
8289	3103.1
8290	3111.1
8291	2986.5
8292	2889.1
8293	2917.1
8294	3005.5
8295	3089.7
8296	3079.9
8297	3076.3
8298	2903.0
8299	2685.1
8300	3319.0
8301	2623.6
8302	2743.1
8303	153.4
8304	175.4
8305	186.6
8306	193.9
8307	201.0
8308	207.0
8309	6925.8
8310	5404.2
8311	4111.2
8312	3888.2
8313	3668.3
8314	3465.3
8315	3212.3
8316	2689.1
8317	2599.9
8318	2821.2
8319	3170.6
8320	3251.4
8321	3203.5
8322	3031.0
8323	2844.5
8324	3422.4
8325	2748.4
8326	2928.7
8327	161.9
8328	176.9
8329	186.7
8330	196.2
8331	203.7
8332	210.1
8333	6964.1
8334	5443.5
8335	4107.5
8336	3898.3
8337	3654.5
8338	3455.4
8339	3290.7
8340	3192.4
8341	3210.7
8342	3298.5
8343	3381.0
8344	3374.3
8345	3348.0
8346	3156.7
8347	2934.2
8348	3571.1
8349	2958.0
8350	3231.2
8351	190.3
8352	207.2
8353	217.3
8354	223.8
8355	227.9
8356	228.4
8357	7196.7
8358	6029.0
8359	4595.6
8360	4301.6
8361	3466.0
8362	2972.7
8363	2694.1
8364	2475.4
8365	2154.1
8366	2227.5
8367	2904.0
8368	3270.3
8369	3237.5
8370	3216.3
8371	3011.8
8372	3537.1
8373	2802.2
8374	2919.5
8375	163.9
8376	183.7
8377	196.5
8378	202.5
8379	208.8
8380	218.2
8381	7104.1
8382	5842.5
8383	4539.4
8384	4197.0
8385	3399.0
8386	2548.1
8387	2152.4
8388	2240.9
8389	2412.3
8390	2063.7
8391	2848.7
8392	3224.3
8393	3245.4
8394	3134.7
8395	2932.2
8396	3459.9
8397	2777.0
8398	2934.6
8399	165.7
8400	184.0
8401	196.4
8402	207.4
8403	213.8
8404	219.3
8405	7090.8
8406	5732.5
8407	4386.0
8408	4301.4
8409	4099.3
8410	3855.4
8411	3691.8
8412	3546.5
8413	3547.3
8414	3667.1
8415	3685.5
8416	3629.2
8417	3534.4
8418	3375.8
8419	3193.2
8420	3788.9
8421	3117.1
8422	3202.0
8423	178.7
8424	194.8
8425	206.5
8426	213.6
8427	216.6
8428	220.5
8429	7107.2
8430	5749.0
8431	4353.5
8432	4159.9
8433	3883.2
8434	3590.1
8435	3333.1
8436	3156.4
8437	3157.5
8438	3233.8
8439	3310.2
8440	3277.2
8441	3173.8
8442	2949.8
8443	2718.7
8444	3313.3
8445	2608.8
8446	2700.2
8447	137.8
8448	152.9
8449	166.1
8450	175.9
8451	183.3
8452	189.9
8453	6677.3
8454	5027.0
8455	3834.2
8456	3599.5
8457	3005.2
8458	2612.2
8459	2365.8
8460	2219.0
8461	2263.8
8462	2515.8
8463	2889.9
8464	2950.0
8465	2883.7
8466	2690.7
8467	2502.6
8468	3141.9
8469	2464.8
8470	2576.6
8471	138.6
8472	156.6
8473	164.0
8474	172.1
8475	178.3
8476	181.5
8477	6453.6
8478	4784.3
8479	3654.4
8480	3585.3
8481	3446.2
8482	3228.2
8483	3037.3
8484	2892.9
8485	2939.5
8486	3091.0
8487	3204.8
8488	3240.9
8489	3260.7
8490	3061.0
8491	2862.1
8492	3507.1
8493	2846.7
8494	3056.4
8495	174.5
8496	196.7
8497	208.9
8498	212.5
8499	219.3
8500	227.1
8501	7184.3
8502	5973.6
8503	4567.3
8504	4450.7
8505	4085.8
8506	3064.4
8507	2570.7
8508	2348.1
8509	2378.2
8510	2895.5
8511	3333.2
8512	3390.6
8513	3349.2
8514	3172.0
8515	3013.5
8516	3593.3
8517	2900.1
8518	3014.3
8519	167.6
8520	186.0
8521	196.9
8522	206.5
8523	210.8
8524	208.9
8525	6971.2
8526	5479.9
8527	4169.9
8528	3881.9
8529	3156.4
8530	3039.8
8531	2883.4
8532	2748.2
8533	2686.6
8534	2526.6
8535	2653.2
8536	2799.7
8537	2677.3
8538	2533.7
8539	2257.4
8540	2896.3
8541	2193.8
8542	2200.9
8543	104.8
8544	121.4
8545	129.1
8546	134.0
8547	138.5
8548	142.0
8549	5452.2
8550	3913.1
8551	2998.9
8552	2714.6
8553	2138.4
8554	1768.2
8555	1760.4
8556	1052.7
8557	1269.4
8558	1674.1
8559	1871.0
8560	1945.9
8561	1928.6
8562	1819.8
8563	1759.5
8564	2485.1
8565	1911.0
8566	2082.3
8567	109.7
8568	137.2
8569	154.1
8570	165.5
8571	173.3
8572	178.9
8573	6313.7
8574	4674.0
8575	3566.0
8576	3434.5
8577	3285.8
8578	3112.6
8579	2993.9
8580	2889.8
8581	2890.0
8582	2970.1
8583	3106.3
8584	3132.8
8585	3112.9
8586	2971.6
8587	2759.2
8588	3322.2
8589	2614.7
8590	2708.5
8591	149.5
8592	164.9
8593	173.2
8594	181.7
8595	188.5
8596	193.8
8597	6686.3
8598	5071.2
8599	3873.0
8600	3624.1
8601	2196.7
8602	1379.9
8603	1264.0
8604	1773.6
8605	1803.6
8606	2271.1
8607	2792.6
8608	2985.8
8609	3035.6
8610	2892.2
8611	2691.6
8612	3334.0
8613	2776.7
8614	2971.8
8615	171.4
8616	189.8
8617	200.5
8618	203.6
8619	202.7
8620	204.3
8621	6832.5
8622	5210.8
8623	3943.1
8624	3709.6
8625	3053.7
8626	2339.8
8627	2341.7
8628	2411.4
8629	2499.0
8630	2600.1
8631	3116.2
8632	3287.8
8633	3288.1
8634	3050.6
8635	2857.1
8636	3502.4
8637	2832.9
8638	3024.9
8639	171.9
8640	187.5
8641	199.8
8642	211.5
8643	222.3
8644	230.8
8645	7212.6
8646	6024.9
8647	4572.6
8648	4280.1
8649	2719.0
8650	1906.9
8651	2165.2
8652	2507.1
8653	2680.0
8654	2871.3
8655	3264.9
8656	3400.4
8657	3391.4
8658	3212.3
8659	3086.4
8660	3774.1
8661	3190.6
8662	3351.8
8663	184.9
8664	186.3
8665	180.5
8666	175.1
8667	172.5
8668	173.8
8669	6312.1
8670	4554.7
8671	3386.3
8672	3191.7
8673	2992.6
8674	2757.3
8675	2569.2
8676	2108.4
8677	1988.8
8678	2135.6
8679	2488.6
8680	2617.5
8681	2590.7
8682	2397.2
8683	2186.9
8684	2931.1
8685	2325.5
8686	2362.9
8687	121.9
8688	145.2
8689	161.4
8690	173.4
8691	183.1
8692	192.1
8693	6613.6
8694	5017.4
8695	3856.5
8696	3591.2
8697	2839.5
8698	2405.2
8699	2125.6
8700	1974.9
8701	1912.7
8702	1636.7
8703	2277.2
8704	2827.2
8705	2893.6
8706	2829.6
8707	2640.6
8708	3341.2
8709	2702.0
8710	2853.2
8711	164.0
8712	184.4
8713	196.2
8714	203.4
8715	212.4
8716	221.6
8717	7079.0
8718	5755.2
8719	4510.6
8720	4273.4
8721	3524.0
8722	2799.9
8723	1965.9
8724	1543.5
8725	1655.2
8726	2082.1
8727	2666.3
8728	2976.0
8729	3001.6
8730	2922.8
8731	2839.1
8732	3498.6
8733	2841.4
8734	3032.9
8735	175.3
8736	191.2
8737	202.8
8738	212.8
8739	217.5
8740	220.7
8741	7091.4
8742	5667.9
8743	4223.0
8744	3968.9
8745	3391.4
8746	2943.5
8747	2688.8
8748	2878.6
8749	3005.8
8750	3104.2
8751	3223.1
8752	3284.7
8753	3264.3
8754	3082.3
8755	2868.7
8756	3431.2
8757	2721.2
8758	2889.8
8759	163.4
